a,b,rmean,smean,imean,sigma1,sigma2,sigma3
1.4912326811869774,-0.7772369674710519,-0.09067266911981423,2.165388456346009,3.401907008458694,0.062401830035938834,0.3045320535985902,0.20355765762788802
1.479210920212435,-0.8273926939654775,-0.09840906308144942,2.15869851747641,3.3975591846821334,0.05646536241593794,0.3068280147877295,0.20309487572505083
1.453808393953664,-0.7927413379406512,-0.07319758261260996,2.178012742360115,3.4075247906150943,0.05734147267986033,0.30408383417785356,0.18260984043754888
1.542735718712974,-0.8131346797966633,-0.10253801210306444,2.156991177387144,3.3900808896341337,0.06325024218131324,0.2995913037296944,0.20466532597695763
1.425381055674666,-0.7814297540141095,-0.07562396579312733,2.1747767783255996,3.3982325524823938,0.057366050256392305,0.2990653624625361,0.19849382833868304
1.3517126295021569,-0.8217718163967835,-0.1573194498157921,2.082119857776357,3.3647080031983316,0.060319635495266505,0.2889664569444534,0.24687239114224596
1.4899873835299278,-0.8583997223368562,-0.08840388840379931,2.16701361465848,3.3967535423944923,0.06330396789311786,0.30007037787176827,0.19744708034339553
1.487633501610162,-0.7812944468762587,-0.06587571280661624,2.1855066433346546,3.407092347579227,0.061252823183828846,0.3099463743609492,0.191818683767024
1.4547660392374295,-0.8065225269369439,-0.0832464593118524,2.1714799935736866,3.4028548943285144,0.05884194529878545,0.2924631964528873,0.19490789230983918
1.3953709188144217,-0.8099172585094107,-0.09027796946314649,2.147183360234747,3.3811680386395846,0.057762409640656404,0.28828473204568594,0.2100127118828267
1.3865585314956705,-0.7804826194923424,-0.06139354547675997,2.1846577256312925,3.4079186648971036,0.05781551375801537,0.29400617660778505,0.17932779681855912
1.478170893187306,-0.8614968086143304,-0.11924436325967902,2.1592250096122303,3.4234118783327676,0.06225870324049897,0.31771365575911326,0.19682392311144986
1.4513365614950784,-0.8407996492814274,-0.10459461807975795,2.157916481213076,3.403820308952248,0.06421063004377424,0.29707793118166154,0.20016923399865377
1.4115936006969403,-0.7965236035721188,-0.08449382466406179,2.1716681951817063,3.4121181834027055,0.05759228632173392,0.2865596154105027,0.19174245779622295
1.4252569566327302,-0.8004491596669746,-0.08966504984088462,2.173670945292477,3.4180334230072225,0.05990084217383611,0.29061070024222274,0.19181878123416704
1.5032103000372192,-0.7693511603082115,-0.08630387633886531,2.17509572051794,3.4021758036756817,0.060521460267228724,0.2844554023886466,0.1900576419474857
1.3924286571871676,-0.7888380925880111,-0.09794488904073399,2.150783689058069,3.3923138116324525,0.05486352493951776,0.29156654415595,0.2033486307766545
1.4421557921476293,-0.8187497161335078,-0.13241757312351368,2.1308038057442333,3.3954782538540846,0.05632962186638443,0.3053456019017266,0.2161765514438731
1.4237976111186899,-0.8037079043324643,-0.09742742304009301,2.1511043945012833,3.3898806496248906,0.061756749785394555,0.2991688223122211,0.20062902601260735
1.3570006364387304,-0.7899639963456805,-0.08605987738326903,2.165437608590191,3.40392427919085,0.057677407981639145,0.3032599309270532,0.1933314276482442
1.3809521437224601,-0.8071581423439141,-0.14700704404228992,2.095507782061244,3.362302772875649,0.05817721337932923,0.2958012177426575,0.24235375306564377
1.4188040983236636,-0.7847118242251152,-0.09530492230361874,2.162794897981397,3.399579536862329,0.060063871981156834,0.2933759742730679,0.2001154067564728
1.3442217540991575,-0.7705052174581933,-0.0608913748808723,2.1816206823738606,3.401832361561759,0.05790755565166123,0.2945334125874478,0.18019359125206552
1.602000165605015,-0.8462403866719886,-0.18416403664004088,2.087611774605855,3.3636255269808495,0.06244759364008779,0.31247981898083727,0.2531634144131035
1.468160936983251,-0.7821651273204259,-0.07926812560194939,2.1665042915171924,3.3852592770014405,0.06302558095172163,0.28890123043907545,0.2010317686231979
1.338377480979977,-0.7573877379498273,-0.07925530122116858,2.1630730704226115,3.3913987289410206,0.06059676417565205,0.3030260600571783,0.1976760127556776
1.4307836702612247,-0.7826086572155212,-0.07988742660344338,2.175344880775474,3.4104245228817436,0.060181976729735714,0.29878720281263826,0.1907251451181278
1.4596689318589018,-0.8044125681104785,-0.07929370110271947,2.170829049197686,3.393081876902556,0.05725527441578366,0.29563770134819856,0.1953968895769636
1.3989218287033436,-0.796264649656308,-0.08452224056937653,2.175584537480039,3.4103789039510146,0.059320948747777734,0.29451482377557475,0.18601192482158405
1.3960725802986735,-0.7965360143844479,-0.06987112202532055,2.1834032919766786,3.405280890435709,0.0597976615394579,0.28987214477901196,0.18419102846873017
1.4887013169475884,-0.8009262409355963,-0.13055042341184,2.1312629988298273,3.3885814604589126,0.05767150914771664,0.2948987120840139,0.21929834812120932
1.4157739891968817,-0.7686793772973076,-0.07468088617814003,2.1748283106199313,3.4020661253048865,0.060055922189711064,0.2996975227403821,0.18398094616491253
1.4291887255584788,-0.8321073622879066,-0.11055435922197941,2.1421990222142733,3.3877784056600198,0.05846396269385108,0.295548320120911,0.20808107316724703
1.5691016846191184,-0.8556211558883059,-0.10789814429362257,2.1697032651118233,3.4206324071636214,0.062389769020415396,0.2995376373408574,0.19272540066590516
1.4041942198308648,-0.7744127329838958,-0.09402267848000384,2.15279270243565,3.3911891270714327,0.058879099145148585,0.3064394338361595,0.20642070051660816
1.4104020366580559,-0.8040190959155312,-0.10446081681052369,2.15355066142865,3.4048702301503924,0.06235118540362493,0.30826220686336825,0.19837067560842894
1.3556535871567685,-0.779411238101023,-0.09993679805956925,2.147427740786736,3.3981745404627364,0.05831492591608081,0.31509866418606997,0.19992176060136266
1.3940650523483027,-0.776547788218083,-0.05870161797855606,2.1879247696685846,3.4091728688855376,0.05794871920268259,0.29700109860132423,0.17914450880120472
1.3773856284089645,-0.7922840686592516,-0.09269660515493286,2.159048643574987,3.4039079481678316,0.0585394301188498,0.2913404898793064,0.19790432236836522
1.3704485674922429,-0.7520388729873216,-0.07153754813005898,2.1675370056346135,3.3878477004539347,0.06008572586072525,0.2897302140136726,0.19037142261267567
1.4232223718385972,-0.782264525219108,-0.09775225217402685,2.146047986608694,3.381994454393487,0.05756384838815159,0.2831812704959804,0.20820979340326323
1.551550895441896,-0.8224580543759592,-0.08881876098963352,2.168013827571265,3.390432901973649,0.05714941822052301,0.2794908400051068,0.1990843564838926
1.4663615915664034,-0.8303779698129395,-0.08609760405993351,2.168316512607265,3.3990744317053947,0.0631796202807271,0.29497423934573397,0.2014166872028489
1.4799932198720935,-0.7837059701606103,-0.11791612751555045,2.144240920692498,3.3949386704960087,0.059193572168301595,0.2940821951302156,0.21743504827035448
1.4267789620305324,-0.7637100179853665,-0.08116652908650134,2.1665063123150285,3.3978308328127302,0.060070861672701356,0.30459837734165,0.19391130052078337
1.4789140974563937,-0.7751579783633508,-0.07780621856865799,2.178764255356676,3.3972261950595133,0.0569487149906189,0.2917511257381919,0.18757482497592315
1.4184011657500422,-0.8085314595543857,-0.10480466504043869,2.152753012741787,3.4035053942460456,0.059316119525848046,0.3087577976854293,0.20049341527141526
1.3775941333337633,-0.8138856069002242,-0.10430970495483075,2.1464282422667735,3.394403119495403,0.05806287482356021,0.2993145382169309,0.21229263719586555
1.3925950312749307,-0.8193380181043327,-0.12081348623369319,2.137578383607977,3.396778728844839,0.06203960368606691,0.2947779618443759,0.20865994339596378
1.4203210546133658,-0.7661015002135603,-0.08515917655212149,2.166807378793626,3.4025994172433385,0.05784480854008309,0.2937496141566685,0.19652502196910152
1.5852927028853316,-0.7835997084607159,-0.0947468242519778,2.1707120800733,3.402289022234603,0.0624250153914854,0.295155217057652,0.1974499714183104
1.3788068911270068,-0.7447626948630971,-0.09735662199264981,2.1528486991104994,3.392147071419231,0.05632436292881527,0.2991075644301857,0.20298141629744626
1.480058355818866,-0.8029153591306551,-0.08094609837796415,2.1802318736635997,3.4131451357220848,0.057220884817670375,0.29748876918037065,0.18404754972835657
1.4677370881394691,-0.8168562662630573,-0.0826092980203977,2.18168810309878,3.41344064273286,0.05932807306954292,0.2973184258319588,0.18968442429893925
1.4602605122847152,-0.7792106385892896,-0.08420931407779679,2.1737707031422477,3.405196470597746,0.05767402217876564,0.29002344770423594,0.19120399927177564
1.4188257079132023,-0.7699844167533195,-0.12662424609757178,2.124849017590491,3.3769234330204494,0.056250815921603046,0.29900931691578314,0.22290953269650923
1.3952134767590765,-0.7969476660592826,-0.08888566491426167,2.1619517813063016,3.396626691772024,0.061843621546156816,0.3025029079663241,0.1962841310979356
1.389154838470192,-0.7914735124989803,-0.09434559350211406,2.1602806782538075,3.400978439815614,0.059607400991531244,0.29862123420917436,0.19763712027369076
1.365234384106277,-0.798230056552348,-0.09273349396671418,2.15207942288826,3.3883848453092034,0.05971358562353951,0.2926249528399776,0.2064481717254863
1.3274825168379896,-0.8382235656186202,-0.1322232939849192,2.1255553192897967,3.403103889486631,0.06072502391585776,0.31348027982102583,0.21796769176859568
1.4260159254724154,-0.7982735376985587,-0.1058471895726772,2.1502589646253676,3.3942726156185463,0.05741484367772436,0.3093972028524469,0.20593875535615677
1.5686343959533766,-0.86926899409528,-0.09457077500218881,2.154780306177198,3.38426975587912,0.06440982035073071,0.2936281950453837,0.2090288014601668
1.444340086490524,-0.7732839146859237,-0.07391989467162674,2.1786266217324286,3.4033476329206653,0.05970581176802203,0.2876534925583416,0.18404920290345747
1.4551903804924502,-0.7824204624565491,-0.08438291418806718,2.163361750716928,3.390373937588004,0.059914558809502784,0.2846681204197814,0.19385402803902085
1.497901965422267,-0.8008843120606249,-0.1069267861901758,2.1551501517487153,3.397740206767785,0.0585129643389253,0.2950470758710495,0.198339038322858
1.5296939004112653,-0.801585316931781,-0.09515041930114697,2.1776352629073568,3.4206247426624965,0.05924589610480318,0.3075413207388048,0.18923815797522478
1.507677075262426,-0.8574053209357733,-0.07837404777397033,2.1805758740029764,3.4089481237577695,0.05898430901551808,0.2938808413902402,0.18282999549636644
1.4046441072689266,-0.8129926073703733,-0.09687991926124678,2.1642941827046474,3.4104859482801344,0.05955153561423415,0.29432605329774364,0.18822666475724223
1.563987206065265,-0.8126925030494729,-0.0979353163197246,2.1635299391090217,3.3920726251415863,0.05930145962367909,0.30223926345502355,0.20044846403065353
1.52034389521369,-0.8123546075627933,-0.0881702814952464,2.172969522807256,3.406149825506201,0.05830447022999093,0.3025431346026945,0.18845007506281528
1.474902416265304,-0.8135192171140027,-0.08882415544664111,2.1587147695094986,3.391805989771608,0.05910222905320995,0.2857725266671034,0.19955670743886234
1.4248381203070448,-0.8023103224682618,-0.07056267037077643,2.172306506714019,3.393390248197815,0.0618090115503493,0.290451557282896,0.18607238841460988
1.4412913934036635,-0.7986588654814349,-0.0854777872162414,2.1807906439517075,3.4207633128181985,0.061898730053272163,0.3074001521848327,0.1818250281254023
1.3523189291967228,-0.803328012252679,-0.071549109763451,2.17858927307271,3.412687920338765,0.05683222590213737,0.29738794037903854,0.18550416681738394
1.3652803628381887,-0.7793216555583538,-0.07968602229940107,2.167380778329228,3.3993074891366875,0.06072026080609085,0.2921006020000881,0.19088597815098082
1.4044643451601198,-0.757920879110117,-0.1035913335667098,2.1511630561918067,3.398705115339774,0.06478405806399855,0.3029381990876835,0.20042658886170064
1.5677905728309933,-0.8321855083110612,-0.10058014142157415,2.1694048760181164,3.4049211969131283,0.06397805757521267,0.2906376305594798,0.190392118731165
1.3866766332020342,-0.7869847159602427,-0.09286631588715799,2.1624707570127044,3.4036833594644915,0.06128036979961289,0.2945703576449572,0.19412479692646775
1.389367035257878,-0.797607113979719,-0.09440030962677101,2.153489519766657,3.3974655512656,0.05740840452193733,0.29495451980676923,0.20360116698742017
1.4061944758283578,-0.803124113991739,-0.11039884689627746,2.147705532784183,3.4040571902793544,0.0588549980941904,0.3097882169940041,0.20938129368866903
1.4043627415314526,-0.8190161804014294,-0.0968122959816756,2.16487500155465,3.419369969566248,0.05837401475652048,0.3126187254964034,0.19164218285706058
1.403903990894302,-0.8042109213638259,-0.09630174784413946,2.1505616030810613,3.382897453773747,0.06052284763130939,0.29258145082971987,0.20217005743813685
1.3682634114620948,-0.7823231417168717,-0.07797108949597971,2.174117930489345,3.403002062862103,0.057823273506781306,0.3017568156276112,0.18600558840415304
1.5768081278030524,-0.8565043364266376,-0.11801935287212022,2.1608898186676337,3.408599305354333,0.058572840069424016,0.3050840522389564,0.20015933280209391
1.4321349016965217,-0.7941219277948363,-0.07967915954476795,2.177074764466897,3.4033843356711815,0.05711335523524211,0.31468125524111956,0.19650895206499475
1.3984596743872268,-0.7848458179911276,-0.07990201921689316,2.172436390598465,3.4038739751041813,0.05913614998482205,0.295625183267067,0.1917421204696443
1.4833411220176902,-0.8265679092627919,-0.11063100601779853,2.1429767704564306,3.3899012775341077,0.05997621760725903,0.30014820337426645,0.2136089732146953
1.4705066730058627,-0.8071628118508605,-0.08905817829210483,2.1754859050484994,3.4163507499621453,0.05697419829592259,0.29573804258497344,0.19078965663243866
1.3449273911847457,-0.7739925498852247,-0.10410016974971643,2.14300791047138,3.3944048591390303,0.060077051120960435,0.29898118886637065,0.21047839447717048
1.426283496148912,-0.7982528168793358,-0.07507332354416124,2.186526474086047,3.4226571929267475,0.0586532202914393,0.31216529467375637,0.17294307657920255
1.3501547807742114,-0.804760822384173,-0.08325364938472268,2.1703881177643005,3.411900963428973,0.058516718183103736,0.2911733148460719,0.18820509232435897
1.4038275982013002,-0.805255035153155,-0.09854830955712963,2.157474057157669,3.403933553823591,0.05769371851043806,0.29565135396261993,0.19792048788192262
1.4763708236683302,-0.7979817678757611,-0.08009544733824978,2.172959411236513,3.395663017273464,0.05924830396112077,0.2907196247905466,0.19411759714641857
1.4369034802500225,-0.8059203917202875,-0.09067410116152784,2.1585344871584207,3.398870610034282,0.05740467637410713,0.29197757487421083,0.19567132690166347
1.3526674188776346,-0.7870634642744284,-0.09596320936171934,2.161972128374545,3.414097786751476,0.06187395440161745,0.29939065941315673,0.19358052931368963
1.436070014366022,-0.7997685014164979,-0.07635919872103912,2.174854602272164,3.397213209081469,0.056811695367330384,0.28460186259660863,0.18874982983185407
1.4516777347081415,-0.7812233884100953,-0.09202412276373607,2.158773797202688,3.3889670423659912,0.05650368695530341,0.3021848297897806,0.20860995493794018
1.3954048696736623,-0.7967104995662999,-0.08391272213943546,2.1661791850805603,3.402444618747732,0.05980132913697632,0.3022229338592567,0.19275937341848426
1.461478274124561,-0.849945953196966,-0.0992179834985818,2.1699000602478704,3.4229596739316284,0.05863341592765014,0.30728272977061766,0.18730501989959544
1.3863474694050646,-0.8066454019236845,-0.08999872375869875,2.16763672379521,3.4124767946989376,0.058640701790207125,0.3119573958396629,0.1952078328111662
1.3899043118561414,-0.7872862688813451,-0.07141854804831604,2.1761564462769365,3.4020399973395645,0.05698393936243061,0.2843419096505143,0.18255004466569513
1.3999666402853648,-0.8136306283694169,-0.11624898511303243,2.1348183468796105,3.3876125500165677,0.05847853760722395,0.2883277077105627,0.2133824909134295
1.3097050035552165,-0.7789766310693503,-0.06850853876394539,2.169680156882822,3.3944535915754748,0.06138555500361819,0.286537628035347,0.1943420616905365
1.4489658432210257,-0.7805140302211131,-0.09004698570949514,2.165937838739819,3.4003832529467273,0.05735618762080818,0.2945703040100163,0.1908766945033475
1.4487958685541473,-0.8259362854604382,-0.10910461120498066,2.155852028150661,3.408909899122588,0.056540505522457936,0.3068688559153709,0.20476227570189295
1.4041050128759869,-0.8182545655731917,-0.10018478368951991,2.1522129530316403,3.3909645669716832,0.05735389399292953,0.2948162809577835,0.20719137830318055
1.3925661472239057,-0.7867084381489482,-0.09832617721164984,2.15560763316886,3.3972628660311583,0.06087986123233393,0.3052369443730701,0.20998093436707332
1.3858982696599218,-0.784584645296125,-0.09973413163556699,2.1506514015700375,3.3969878541285468,0.05939563697184314,0.3002277330589257,0.20444215828203402
1.4034193725230932,-0.7897541761330276,-0.09600698899529334,2.155743366593532,3.3969658706808845,0.05651977289374164,0.2983477272812916,0.20137362486331517
1.3640885569626078,-0.8152306708453908,-0.08895440117102865,2.1549025831102404,3.3938669553386838,0.06125839937763714,0.28736741184449,0.19705285438374168
1.4724765563238533,-0.787058606073435,-0.07347590495440906,2.174259405204706,3.3987676142437535,0.0578882851382748,0.2885518960613551,0.1910029413454036
1.4679815396280123,-0.813059361211044,-0.10525664097495065,2.1480263872769516,3.387289615451363,0.05789018744275457,0.28799304868773473,0.20585433895651878
1.430297657207095,-0.7889257035521737,-0.08264540205864758,2.1645351928164795,3.3950481176320038,0.05983169896641617,0.29268661030916604,0.19707442924772878
1.413265187479743,-0.848877375194459,-0.08681846220640631,2.157982766427512,3.394434693949401,0.06131353771518312,0.30987421530211795,0.19992539060021305
1.4291753219186858,-0.8511350383273165,-0.13634252956192203,2.1287379716872,3.3984786065844377,0.057083578968346795,0.3039947257622782,0.21337608653382198
1.3459819683788978,-0.7927650114084228,-0.10216396109940318,2.1362122519036433,3.3811382273629493,0.057102420991908175,0.29951127788890347,0.21243710670665628
1.3762142242857098,-0.8007689041566024,-0.08811856688532158,2.16809780833385,3.408392441021903,0.055257878792993646,0.2984214080151432,0.18910937678895398
1.2888681418126684,-0.7650496163998303,-0.08945755313589046,2.1465197361781394,3.390634038557152,0.06026966494542602,0.29514182256008137,0.20237566183822323
1.3379933606241912,-0.7767324959786244,-0.08079286823128717,2.161104942546563,3.39197076015294,0.05815486280306766,0.29759356503158346,0.196595650257987
1.3917953280425348,-0.8239589592251474,-0.07971530178121218,2.1696793965764,3.403187724058624,0.06121452526225855,0.29650888614168963,0.18838258218117485
1.5702557044714784,-0.8630675495025454,-0.10663234783333904,2.1675447636775456,3.407535563322753,0.05854341040512545,0.3166740153733684,0.19331162492128384
1.4015853057651877,-0.8331397524939148,-0.11040005199982023,2.1438277293310395,3.399173908716723,0.05870386649251985,0.3098322881032813,0.20729733814393694
1.4561799529778834,-0.7994327661767416,-0.11169448298622957,2.15002963492448,3.3971379899571312,0.060018084705758576,0.30722953928630087,0.20825771234156995
1.4991430199828608,-0.8079987051188231,-0.08233813443365037,2.183151722890728,3.4078186409854907,0.06164994580662845,0.29652214515429154,0.18889634465648408
1.3506550774248756,-0.787576696145803,-0.09644686374552022,2.1468779844211228,3.39294309753695,0.05799771590128232,0.31586395935538275,0.20754386396549493
1.4527035085881113,-0.7872186287716683,-0.08965091765548525,2.158937688450735,3.3902790946483825,0.06002747603521934,0.29969246508914055,0.20481355920678618
1.3653723229356463,-0.7832127013648137,-0.07630510678988862,2.174453908885971,3.4133986254017303,0.05824232245222172,0.28172637785759524,0.1876660548771636
1.5721867737836688,-0.8360270632878287,-0.13239041708635518,2.1329595160488597,3.3854492902401967,0.06063728650618588,0.3102478942627128,0.22306940692635424
1.4468750314612537,-0.8023059322766339,-0.09286580913959538,2.169717479856925,3.408471896880027,0.05944427100888655,0.3063364325677178,0.19241454629883042
1.35160748949503,-0.7640128776818458,-0.08513045317156909,2.147238467097137,3.3754014813228945,0.05855154352241622,0.289173698017081,0.21301081798737845
1.3873053556804202,-0.8177957816862489,-0.09130600450926693,2.1675708727047214,3.4088400851908136,0.05906511158642016,0.29510576612501094,0.19967879073613964
1.3252052971174892,-0.7689325409693787,-0.07596270515257479,2.1682261630847157,3.407443253528436,0.056068083886866654,0.286858624064557,0.19007107279128702
1.446100449536101,-0.8347815779388231,-0.08401066862902844,2.175180480522327,3.4088084056680965,0.05929036647862494,0.30419869317748094,0.18874208441827953
1.3499507458989966,-0.8095553807059686,-0.0960339385573376,2.1577846817583795,3.4129896471185246,0.05735937215406084,0.31005873846340415,0.19571072702947634
1.413447663785661,-0.7979297519812223,-0.11261387445865861,2.1412736935851804,3.388521302389657,0.06172137600294238,0.29740924281293674,0.21358880507497888
1.4747060852116218,-0.7469961403762194,-0.09951909762148226,2.159914367400329,3.3992704685055677,0.06185607434277683,0.29601263852443355,0.201756255569564
1.4960824883570598,-0.779062309461918,-0.08037833846805527,2.1742778459294705,3.3938272524097726,0.06015745943015265,0.293935749815775,0.19837908095913356
1.4314398119408762,-0.8084152674045696,-0.07967100405421183,2.1823667577144237,3.417589785697827,0.06264403823326795,0.30042240894820943,0.18867133485011453
1.4607444575802442,-0.8600512543872284,-0.10942761298308086,2.1522976252193744,3.4024617936504042,0.06315702398563956,0.2883903917013777,0.1986115957545294
1.516328629018119,-0.7611902001215962,-0.08539293211240791,2.1715759316422907,3.3949126882802534,0.05868610915516249,0.3023720603856556,0.2001253159686375
1.4122923183943905,-0.8014448104584309,-0.09637357252916946,2.1578423407525467,3.4026475908494795,0.054409884540254604,0.3067994223227201,0.19752859803263412
1.3848115449639993,-0.8008414016013032,-0.08458889921978542,2.165037074532814,3.403411303741732,0.05782390298034421,0.29225983368144504,0.1929951344760278
1.4595864751642202,-0.7888736038920617,-0.08376092052856209,2.1649214229839564,3.3956314678727977,0.05921557259333208,0.2965953519683482,0.1905936516405426
1.3827409935752444,-0.8007390336923033,-0.0857528616137257,2.1532592051477293,3.385344415738821,0.06043491401972953,0.29875382802629696,0.2024051527014111
1.4388471203996662,-0.8282909513621822,-0.08491800459958997,2.1787870383349004,3.419681924354982,0.05554864551462868,0.29701297047539954,0.18035514632132718
1.3811962142261045,-0.7869188085041986,-0.08892739060214229,2.145031207284398,3.3690398607523004,0.060615549862643885,0.28234439657309823,0.21173514352899006
1.3915434877589086,-0.802211068683488,-0.08976922172385506,2.1697741520445386,3.417901457214269,0.057681338798208526,0.2918669688344961,0.1917786965555379
1.4337533446166684,-0.8010823994257285,-0.07939804870887256,2.1725585785417145,3.3989643749836076,0.06025992335744285,0.2900155146788623,0.1885120658587486
1.394348900441871,-0.799750741453178,-0.10214515925236746,2.1575134493016193,3.406810896461366,0.05723141150372956,0.2989840459379461,0.1983360215725986
1.4302094054927568,-0.7687202643879153,-0.091564076890597,2.172966082919157,3.4189628506393785,0.05761520730869771,0.30634764763791367,0.18828162897934736
1.4734397785630757,-0.8084724625877745,-0.08320478668834706,2.174265605501688,3.4080251465342175,0.05949065783700477,0.30408699908974385,0.18850209268005658
1.4357783782732663,-0.761689559490119,-0.0761696470043578,2.1738068604415792,3.3963638522264703,0.06002773249638315,0.30002062465435186,0.18997495494354502
1.5046804174691242,-0.822627012476553,-0.11174478248010494,2.1460796561805116,3.388993616046899,0.05955227849306633,0.29028239356228763,0.20889260858136258
1.3678716374572186,-0.7960028085912572,-0.08813688310039126,2.1669791696522513,3.406302773194158,0.05957479538335924,0.2901014451163571,0.18783290144128054
1.4384014732144157,-0.825648679081313,-0.1274815807916957,2.131432760228039,3.3955570513339626,0.057037943160155626,0.31336216069093575,0.2187077974729821
1.6177130639015438,-0.8394630438346663,-0.10883506796665773,2.1638481304305803,3.4014107008594463,0.06374144810065044,0.28975681046091106,0.20052320148918726
1.4010359253258795,-0.8139190996695556,-0.12497780173589706,2.125936339409852,3.3852012122806534,0.05655455870450662,0.29916990852488035,0.21591501362246543
1.4256880144612238,-0.7929657118312388,-0.09761852630480852,2.158228661987901,3.40220853609902,0.05892055373636018,0.3136476125820437,0.20036748146303232
1.4106708883051111,-0.8121766679007316,-0.09246921347403272,2.1550018582994794,3.3876287283222095,0.05874301826992144,0.2871427859301605,0.21017869237017894
1.4627230144685033,-0.8239420996725841,-0.10969719606929114,2.153235300378013,3.3991101086840123,0.05925573637190631,0.30039391037053204,0.20541428960196012
1.3777207782585041,-0.7726550428693484,-0.10042306599651875,2.15929829610481,3.4067858967971323,0.06076792717955333,0.30684045824771655,0.19493681206972457
1.418044259069825,-0.7668508704201407,-0.07450176931845395,2.170230886930038,3.3933986195100405,0.05771568112445037,0.2892686604781481,0.19630906561676895
1.38076592408355,-0.7847028491769797,-0.08950526216465199,2.1485721663616855,3.3897046540680353,0.05529027079384082,0.3001597339306759,0.20295321577700784
1.3975136898709508,-0.783461087939816,-0.0804906367741006,2.169956832300843,3.4006752263704176,0.0601495966158488,0.3056296737236791,0.19291814437944887
1.5187143022797798,-0.8087320582605514,-0.09752384593157656,2.161860155771152,3.3967704682453888,0.05970177568720708,0.3001138039893802,0.204417637925981
1.404237229327825,-0.845559004841094,-0.094941848280883,2.160355573990081,3.4019458261974194,0.0601806323095206,0.3051749478870667,0.20013259868652936
1.3331884013803694,-0.7774165484381939,-0.07069567886808317,2.172116594726409,3.3993209658543506,0.05895415197859464,0.29769311948674326,0.19032116002975857
1.3971370157195278,-0.9183308657303475,-0.25981658424206205,2.0,3.3551008378207734,0.06133532896409746,0.3438077322895939,0.28574431544466405
1.4612494918857775,-0.8200451084356433,-0.10200191319010787,2.1531975123655154,3.396939108965543,0.05600120022942014,0.29777337088824724,0.20440924220685738
1.4164590681621438,-0.7723430946367233,-0.08495967267026905,2.171174525061125,3.402001064968158,0.0591478493375759,0.30729022951377627,0.19260043928246479
1.5247993960908444,-0.8404295624156175,-0.09786106053639797,2.1537372304097184,3.388002552315927,0.05983306538944253,0.29863510184949865,0.20007607505861497
1.4854921743189637,-0.8247626863265951,-0.09619089285996502,2.1673299644605004,3.4127950861028458,0.05654420570162461,0.3182496988149593,0.1936895056933486
1.4793004482617733,-0.8190294658470549,-0.08292838571511782,2.1682868785998997,3.398533400936119,0.05926230357274751,0.2913425989884757,0.20283792879392107
1.3862333781296796,-0.7981541407056109,-0.10019637457404827,2.144521811421393,3.3866949098173516,0.057330335762352906,0.29677460243669485,0.21279783807390515
1.4848946261850846,-0.8333966007625369,-0.10527688384123574,2.1527628374462067,3.4005159992952536,0.057852863736911855,0.2972370555009855,0.20481167059211017
1.3927627539742908,-0.8415633268729268,-0.11827261997837106,2.138922307573384,3.3989239221358982,0.05964518265695852,0.3114034737322012,0.21531070746410025
1.3951416387638351,-0.8101739550280916,-0.08700711928388456,2.165041676263844,3.404793154433697,0.05850551631446508,0.283072259363183,0.19644316534794584
1.339896881192836,-0.7727561483763108,-0.09268516775517723,2.1581550778854828,3.3968020657433424,0.05754473887873445,0.29068935909442334,0.20334685521617002
1.3366719225992183,-0.7946233775369262,-0.10190402342785901,2.161044019695218,3.4143241300056513,0.060788311849637594,0.3099685730558973,0.1941319851769682
1.3190758084009966,-0.7710955401410768,-0.08701028372461801,2.156261877175167,3.4002091402117247,0.05921687630676801,0.3023720211125381,0.19517374133669946
1.4253219152410712,-0.7777503555539913,-0.07001624233110937,2.178762240871604,3.4018272469652784,0.059017636493296735,0.29665206301205477,0.18429850550024135
1.4002909140836959,-0.8223768141227873,-0.12254502519394221,2.138376446979575,3.404460776238322,0.05730624745443451,0.3045614827730108,0.21015364756388769
1.3883194672805483,-0.7891394736235163,-0.08785723309380263,2.1579863739699547,3.3925194879306937,0.05645227565854634,0.2955537817093801,0.19889925892771146
1.4568394790110495,-0.7825486898130448,-0.10589987699885131,2.1597946147008864,3.402410154089459,0.05693324437725872,0.3028279384530523,0.20272698943700276
1.3076596690574662,-0.8003627522795438,-0.1338115860942417,2.095422401982079,3.368010336356755,0.05982040875706825,0.29923811467437994,0.23417330204557069
1.4484154492606545,-0.786458376537291,-0.08800798149233384,2.161977262154806,3.3936173432786108,0.05956650115234575,0.30243754159590175,0.19899539243920966
1.4498124888575854,-0.8024687246357284,-0.08231841083333664,2.1780895355674312,3.407215286111543,0.061140149677576035,0.2943265320904899,0.18463060841613993
1.5102558553583094,-0.81037843128876,-0.08833731086141257,2.175158321723028,3.4097963220111427,0.0589438344590524,0.3153023043469412,0.1968398427196537
1.4811394670897764,-0.8049197306543717,-0.08725377887474949,2.173198357004865,3.406203319380086,0.06173742553681596,0.29781413188138317,0.19380287477891495
1.5721972808280762,-0.8312405152890375,-0.11325010659319329,2.1586468575859117,3.408834072457643,0.06040062049779006,0.3102459843776928,0.2036793972714955
1.3898631054855775,-0.8081438732009164,-0.07809675233931862,2.178659931371214,3.4161026916304293,0.05680885709158847,0.2918793436378551,0.18160237630625822
1.4312408316463856,-0.7770974856258764,-0.10642767286931365,2.1473242478128283,3.387919898326538,0.06114490901882982,0.29680996439387275,0.21170495280679075
1.4492530650176667,-0.8354414016394435,-0.1145044677332796,2.147506172324666,3.3967561431019435,0.061122638469251006,0.3079913772784518,0.20564531284509177
1.3506336026755077,-0.7931104601316896,-0.10298275178023848,2.143946273703842,3.395785524770557,0.06022984162741917,0.29578667898122835,0.20409342556704238
1.3581662691427367,-0.7902692850248856,-0.08975959571268975,2.1653183700422174,3.412657377875961,0.05828296482308751,0.307561378785894,0.1904696977528951
1.463092965686495,-0.800163401895297,-0.09838099170305077,2.1630517266511413,3.40303166781657,0.06326120563742844,0.29968406667681347,0.19697865274546703
1.4333017402026493,-0.8357047964085167,-0.11554370688945435,2.145161772042495,3.4066322408745293,0.057116438402720966,0.30671061869940497,0.20795349806751387
1.4320124111053867,-0.7707028937358613,-0.11905688331014376,2.1401966320821217,3.395083085907174,0.05942961065485188,0.30086306172368843,0.21711098015094463
1.4401469695194606,-0.8006649820815618,-0.10552880527225077,2.1399458008558074,3.3725349656840855,0.06081810845539205,0.2789381892111544,0.2221899308848328
1.4500092750540594,-0.7956873576127016,-0.08354191545885112,2.1830625663053724,3.420251045147604,0.05982055198746768,0.31184993045710296,0.18400006121740278
1.4938748307963523,-0.8164053768735977,-0.09684975428203665,2.159789917547498,3.3956394646225063,0.05920006593117937,0.3186151203998208,0.20213070231245858
1.453629532143464,-0.8124096721114797,-0.07788403282050495,2.1875217578053743,3.4247297916642365,0.057055838714409945,0.3046595389108211,0.18217469393877822
1.4226694618492395,-0.7973263395610893,-0.1106590517352541,2.1397492526495143,3.388890709473096,0.056934579649066994,0.296513053935508,0.2108067247816311
1.4486069258069214,-0.8172819962683583,-0.10946462140596275,2.1491524172657606,3.402044422837652,0.05776306660182236,0.3056947695621478,0.2063879092087916
1.3838263559019228,-0.8031589640049666,-0.09933805551284838,2.1527722865373313,3.4035256876101587,0.05672578863122726,0.2881027954441988,0.19740322864165796
1.379746693793971,-0.8034075352756828,-0.09246831020629849,2.154563218075756,3.3990049950696815,0.05476297000547799,0.29911456318887064,0.20123408617886088
1.395459437100801,-0.8020864705293673,-0.08038006950557296,2.1655357720585595,3.394605587363688,0.058859134609088606,0.2894922205276467,0.19768436998817662
1.3891135282151956,-0.8182707657002387,-0.10077889458320485,2.147835812636665,3.3989924958936593,0.06024886639337381,0.30265391363755556,0.20624445524111762
1.438267301489568,-0.817240490754648,-0.0808199789673519,2.1763259047231807,3.4144441383316613,0.05711692513371179,0.29463383912430374,0.1839411015693442
1.4484042099032326,-0.8067902382865215,-0.09492435320274545,2.170839904098229,3.4179711462053093,0.05794306400780081,0.3223280659072038,0.18680754277872627
1.3934982957169266,-0.819686586068552,-0.1118982998287446,2.1512582396447604,3.4138565024463645,0.05916116481330808,0.3189839192122886,0.20082900563446265
1.4197770843740034,-0.8091966462840336,-0.10254881201507687,2.151709803049013,3.3941713590831717,0.060195541644657326,0.29852464709322557,0.20482038671147418
1.5458065427974812,-0.8209960912068878,-0.11749392546688582,2.142428530952338,3.383225635245282,0.05999090904169759,0.30075835972389936,0.22286297454002807
1.4812530575171081,-0.8022500034947795,-0.09057564098899286,2.1727602776761907,3.4160916139069006,0.06029719526601075,0.3119697645297864,0.19260866755734948
1.468942982459736,-0.7860840498190916,-0.09432789076361978,2.1508207381133326,3.379071804454771,0.05919992261279258,0.28488977597513837,0.20463695625098408
1.4154131183005088,-0.7983359437589619,-0.08468005469553656,2.1675429850649626,3.4017335824575174,0.05772781307032048,0.2946496517274129,0.19172367003717797
1.4385953683011188,-0.8108861129522359,-0.07693721528429173,2.182770173119012,3.4148572902681753,0.05557078540418203,0.30323235431669604,0.18099790291019316
1.3468945606017935,-0.7732698301825529,-0.09158121518885418,2.1451527632075282,3.384377933311109,0.06409678831563742,0.28722425680647207,0.20520346553923066
1.3960249663374498,-0.7895822255691787,-0.10982367592390899,2.1370884913979995,3.3836584870872426,0.058567139159554,0.2944240450135603,0.21377351721730264
1.3860204953609983,-0.7806327431305754,-0.08021874647612609,2.1756150813497244,3.412644958168131,0.05875978682509836,0.29611999389726446,0.1832100282980752
1.3255068531339542,-0.7866215318923486,-0.0927716831313044,2.145419872703403,3.384304331322015,0.057849536525905416,0.28104734449861357,0.2102662604762463
1.4274531830135502,-0.7959025274483588,-0.09355363477961934,2.1581318900025916,3.3952755933337535,0.0570104138715934,0.3003408495737832,0.19985629621934456
1.5534685664037187,-0.8220722907882109,-0.08765432250328253,2.1751756875439474,3.39876069577097,0.06143550895685173,0.30178671635049925,0.1868819365203334
1.3955033692823895,-0.7680477220242384,-0.09768117530332567,2.15104987905528,3.400347359048693,0.059382166642294995,0.2906799860052278,0.20391572634257188
1.3655070165856644,-0.754206212306821,-0.06730232893103111,2.166706289523741,3.384896907766402,0.060278598408273584,0.2769872014478334,0.19482462103182854
1.4185486316286184,-0.7553556107977443,-0.0765245124065379,2.1632942350128364,3.3759569811005914,0.06207233262910875,0.27739356786493885,0.20576050069190255
1.4557508703552406,-0.7902453757758355,-0.07713892509228476,2.1753713895018403,3.3986455761192147,0.059637543080645054,0.2971644666981314,0.19269169055551327
1.4058542185406595,-0.809442967597215,-0.10845793986518323,2.142313470666294,3.3932644556363507,0.05511388486972338,0.3074391112839997,0.2070043589620182
1.5025223837087902,-0.8086991829189767,-0.10613449407706195,2.1506059077078175,3.389871385837908,0.06095436292499304,0.29423615776660506,0.21151864090423647
1.499284400527865,-0.801141586652653,-0.0924717647176931,2.1655399539291826,3.3984602499592955,0.061538062786271906,0.30134132456796064,0.19148454724834085
1.3413534870067785,-0.7649806628629355,-0.07718200612195342,2.1588310432989877,3.3903224577899262,0.05870654286165347,0.29829707699328994,0.19715767536169987
1.439741566067754,-0.7949952296844324,-0.09950055055440579,2.165629429066414,3.4109539975007994,0.05962963634243851,0.2947606541823154,0.19245694900799198
1.4914543685983097,-0.8127028119220009,-0.09095088814464798,2.173148292129778,3.4099538761971164,0.05858866368397338,0.2979327864132715,0.1874384980763445
1.4121876832769795,-0.7775347937658935,-0.07716528012324,2.1672504369561176,3.392860085040632,0.06029599109633078,0.2867102119479363,0.1927811506709094
1.4140650835313522,-0.8015762529161938,-0.09382317914025932,2.160998683476537,3.399716379680193,0.06071192094871941,0.29815001053164325,0.19464818539783824
1.392555251008781,-0.8050912686666546,-0.093170689288201,2.1644245534525623,3.407091334585993,0.05855269916341894,0.30226873508396046,0.1960764551779013
1.3545118986326412,-0.8022710095159499,-0.12044953401326523,2.118387656707544,3.374753725784487,0.055746436607135255,0.2872979309959764,0.2225930947572406
1.4255719004089682,-0.787787382220771,-0.089199484182586,2.168448112792321,3.406314073686488,0.0581551526978341,0.2951782592497903,0.19329947890664181
1.5187774058966625,-0.8446747627338625,-0.09547685806182866,2.1779638912762325,3.418725921258245,0.06465081375362389,0.2956311348832559,0.18660575026748796
1.3940362396269173,-0.8189169473083938,-0.10258828726981854,2.160122899439758,3.4151964804021433,0.05673562492226326,0.29093039790063396,0.19401342184995957
1.4517608371617137,-0.8046288896913588,-0.08861865294747218,2.1624818792832574,3.389537834068789,0.05971069250379274,0.2928828984174297,0.2014244713712782
1.2812320838030595,-0.7705139739559747,-0.07292050988815715,2.174002419100054,3.411123205746445,0.056355187801972836,0.3069152355409684,0.19175308000155228
1.3228901886455564,-0.8055464100641191,-0.09074369273878684,2.161113411204454,3.4128611695029214,0.05894574241789531,0.31170291458398813,0.19050266790504336
1.3944962858407555,-0.770536701400989,-0.08150374236043519,2.1663058774491097,3.3948867297473213,0.06164265099454876,0.2985030065479005,0.2000296825742347
1.4775113519379275,-0.8126134609976596,-0.07944737236453242,2.1683201889819523,3.3880587365706964,0.059293781863939396,0.2849967337884845,0.19054456571503267
1.4380862833725216,-0.7738389090931792,-0.07126847717959062,2.1745558723383924,3.388596941045889,0.060885150941266425,0.2817962097190394,0.18886719149855355
1.423923291541093,-0.8586930427545221,-0.1105391231563892,2.157749219169966,3.41957416254185,0.059375468312943,0.32451641672529835,0.20289358455710174
1.4485190667013164,-0.7893093040969247,-0.07878561592226167,2.1749640643847625,3.406740754530529,0.05874275379300759,0.29637896238394335,0.19132554921897577
1.5275801138749954,-0.8002186441511079,-0.09048444990056596,2.1708772770394162,3.4047758291795525,0.05917759158715354,0.3051001618783926,0.1944976492277519
1.3986250019428863,-0.799382480373077,-0.08733983664125353,2.1525358702065245,3.383683128544083,0.06140732168943382,0.2955494125325988,0.2056063233882161
1.5215150318055743,-0.8103791449354686,-0.10846250818153282,2.1559214723806144,3.397009989588464,0.05576346185714256,0.29597350674811684,0.20277926190316464
1.3606609094280138,-0.7986181964247114,-0.08485635958769862,2.1577618938416623,3.3927775345555022,0.06187297061599623,0.29460910593389644,0.20092430660909502
1.4239641443650901,-0.8210421333530469,-0.10932462178997535,2.150527317269321,3.405044321788764,0.05870617403266338,0.3115084421460076,0.20620828938211067
1.39167970498787,-0.7758671535789621,-0.07867289523887629,2.1781323602303795,3.412807714530883,0.05644131889974745,0.29777807798309436,0.18794605970088069
1.5199095171286112,-0.8352878664390102,-0.12766112213825262,2.1296179678627385,3.3790095618791307,0.06026408432323714,0.30485851585025997,0.22331495656933045
1.394458381880206,-0.7855580757524548,-0.07949054558683606,2.1739807550518235,3.4028708285777145,0.05900341172241657,0.2962305421846237,0.1925977944321263
1.4777020032488772,-0.7866814532199188,-0.08226813356979164,2.1678230307017397,3.3853340478105105,0.061380319407046295,0.2811882958869136,0.19668043532124327
1.3927982296647836,-0.7499890120116698,-0.0712540570163503,2.171003719864605,3.3935636373660145,0.05741314046315678,0.2833398217245232,0.19000252603938245
1.4045578277978457,-0.8051840848655545,-0.08347961458781906,2.172151577806543,3.4042384818955265,0.05879869315338907,0.29431060656185876,0.1906501544360946
1.404525138870505,-0.8011606012735412,-0.09474569845147235,2.161153789195584,3.406966539023892,0.05715037983215697,0.3043305445912808,0.19775005640622448
1.4596851987818704,-0.8075332848935906,-0.1261042594019876,2.12901947171531,3.382004500009378,0.05908735408492395,0.29625919570415027,0.22517498118751675
1.301021837746691,-0.7808351606500082,-0.09377527756260781,2.154395419873528,3.406419237333478,0.061342830966620805,0.303594356284935,0.1964598852478576
1.4047413887309033,-0.8093777542436077,-0.11409665290898094,2.1408192560413895,3.3980164529574934,0.058437943021873176,0.2915926206470296,0.21051655064482283
1.431180129354907,-0.7963790977504507,-0.06787985807613796,2.18296514777871,3.4073405799540146,0.06297132433934713,0.29550093706458236,0.18480670402101307
1.578774376670719,-0.8148234169638484,-0.12237539906263939,2.1498926274238133,3.397419509798847,0.05919536020358726,0.29814941422526486,0.2105918062821714
1.365754521593266,-0.7918331619702347,-0.06366742715524927,2.17729159539209,3.3996600316623624,0.056305222195261274,0.2948504387251519,0.18838689658096203
1.35500186526507,-0.8023138484062379,-0.07631205963334516,2.1719338065134126,3.406390274175659,0.05804604459592073,0.2990393577482889,0.19049714660025002
1.3703361179268898,-0.8111211981612282,-0.1224091778047184,2.1367970916234635,3.400908097631302,0.06059126962456212,0.30397873963397154,0.21240667072233996
1.4455280265628463,-0.800200584574227,-0.07905818872183198,2.171928304893028,3.397726260635564,0.05942624403078458,0.2861086781225245,0.19517599349961828
1.391184090396221,-0.8231374955887409,-0.10547108719067019,2.1455448380889313,3.3937075055989503,0.05924096583361238,0.2992633460382404,0.20251277288752856
1.3847047927729177,-0.7908244351228566,-0.06682977805083462,2.1816367656520494,3.411304343040898,0.056179301123472115,0.307702947921829,0.17986389494970353
1.3880427946610034,-0.8057422321168516,-0.08084734191015189,2.1709436563679834,3.410514893321151,0.055351547689864354,0.30080425717919207,0.18591970664690002
1.4424469936915665,-0.8138844956350554,-0.10521235882530883,2.1668752154772983,3.4214045586810196,0.0575623284243177,0.3067729666484908,0.1894820657024285
1.419369460491404,-0.8146727422136515,-0.10533537766444434,2.14740272775833,3.3916941696881864,0.05901325839668809,0.3028157388200352,0.20637975917057957
1.4709289479663674,-0.7657720639475036,-0.07706839066471095,2.185755945845752,3.4106038984676044,0.060931688462005806,0.2931098698835176,0.18099298831902583
1.4743408486329748,-0.8142627623498963,-0.09614758773749926,2.163072883088059,3.399265233073082,0.06496309607604751,0.29105791804794784,0.20203546575961165
1.427870746540361,-0.8269456613105812,-0.10494246543259284,2.1503477453793156,3.4020176323749487,0.060369849750192765,0.2920952568094371,0.20116204760240483
1.4221799367880301,-0.8052553129801636,-0.09397938910345606,2.1632144598310115,3.404807589582215,0.0576762265398554,0.2914115894724399,0.19386415800123966
1.3677643722847266,-0.8028223362031148,-0.09086846494802468,2.153611443200008,3.390427213542201,0.059740273199713034,0.29421618528211363,0.20374446197075108
1.5028037196074733,-0.8171294080774162,-0.09476824037381346,2.1501440124273636,3.373635014668843,0.05856506203763535,0.2830171705544846,0.20951016661393662
1.4351327807942293,-0.811578155222308,-0.12712229838382227,2.1296125155349928,3.397086641309904,0.05803052650366943,0.3059652706700836,0.21478818853772488
1.5037499283843567,-0.8081137552611138,-0.07752554148305636,2.1817365261448143,3.406361768288706,0.06436749669241407,0.2870205734318582,0.18855897002096056
1.4252649776595079,-0.7655249399807814,-0.07024622718090913,2.178619163222231,3.4014673653536582,0.05976938725379431,0.29758286129503736,0.1942066984425347
1.3955276941411865,-0.7593136746287666,-0.07278634582870668,2.1701463126110156,3.3926601836502197,0.058003085744067734,0.2881712685116803,0.18834571213088003
1.3819720555965445,-0.7979129749370097,-0.08164777426040792,2.175071741537769,3.4106056718608695,0.059172814852511746,0.2944502652460117,0.19299782799524742
1.3954798478242414,-0.783680864127169,-0.07581468628724061,2.1654635542046594,3.3882151411764463,0.05895683190688046,0.2921738555351722,0.19923870103759928
1.3790709411838142,-0.7794384799250925,-0.08712205673729109,2.1637175069869086,3.402180564059542,0.060378144537713264,0.3095358422887507,0.1990695892326377
1.4065214734071916,-0.8191811180808387,-0.11954218930804034,2.1403919104615206,3.395529082283351,0.06240094153266145,0.3022880210455093,0.21053797111630743
1.3692994520263537,-0.7832584990209803,-0.11247553083102804,2.150064481235314,3.407511934715716,0.06034554734975926,0.30323179025558344,0.20010984724156214
1.3846313726762796,-0.8049535213385317,-0.09085951225584903,2.1600415306184426,3.40400971306579,0.059921168923991804,0.2987547237010322,0.1986905357958727
1.4743259787273744,-0.8289852211047583,-0.09055531554305396,2.172138754252984,3.4105922459405793,0.05931880646347012,0.30166205800115303,0.18304770929404524
1.333038352361953,-0.7895651474807917,-0.0934731283765263,2.151314430580439,3.4010540744439366,0.05772131997337265,0.30524441351040904,0.20423337561187113
1.4354011483685198,-0.7968013263259707,-0.12249415936250471,2.1379113380876267,3.396954135515512,0.05803582737294234,0.30094614735286834,0.21463916367860167
1.41488834565598,-0.8115760023850488,-0.09879435774837701,2.152885381483273,3.3912504820554616,0.05716734404387636,0.29466527297900386,0.20678194675579215
1.4094717865643407,-0.8049263228151426,-0.08758332752736506,2.15084649838231,3.378581310201322,0.061047663828006145,0.2853033815650582,0.20502799354512363
1.4531504069247874,-0.7948986452790995,-0.09873346441860238,2.165765190286279,3.411801548468381,0.060125634610866764,0.3041997874943838,0.1913332142257532
1.4427237771022716,-0.8045502651648408,-0.0961381004764276,2.148841982053965,3.3816233220745335,0.06054921480074337,0.2826141794947784,0.2115011642057525
1.3654461606238786,-0.7538775165927954,-0.06340463879197783,2.1771427248159743,3.3999891549364807,0.058621800163010086,0.29100017150503704,0.18620391856961924
1.4594025977895175,-0.772280983813155,-0.09379257708611621,2.1580448236345378,3.3892162871959584,0.05978455237983236,0.2860480438986163,0.2012894612919654
1.4542443196122166,-0.8181853715937427,-0.1155687634694737,2.145217860013179,3.3988053666188605,0.06268268387101977,0.30331922898406716,0.20524566666527577
1.4222757497017755,-0.8043795864496417,-0.07181505637358646,2.174620919691916,3.4012839191217026,0.058974488179160234,0.30144257437136546,0.18926289513007077
1.552044515324356,-0.8277483176644956,-0.06905066070166199,2.189823570041978,3.4127698751754614,0.058254958815394886,0.3081578460341586,0.1809839350024118
1.3686270545630264,-0.7855485109434325,-0.09574190529467418,2.149587807976539,3.394418927637018,0.05812936607820135,0.2934795371421771,0.20538435656892592
1.4091575291379215,-0.8093706541227474,-0.08327157936467548,2.1715730123435275,3.404537580267363,0.060989211909975916,0.3044352419752388,0.1878220946230736
1.4834577616829754,-0.7934366574610432,-0.11245156510381184,2.1452279343466554,3.385602752566255,0.059672230004305764,0.3059160780412293,0.2095438550848351
1.3956153006297427,-0.7859305621963417,-0.08818785312310755,2.159687283965384,3.3905304085801165,0.05803624454877252,0.28675334108355544,0.19575153680948582
1.3315243529799132,-0.7772110302586807,-0.07483064587897625,2.1593615021675787,3.389163436175659,0.05765506703630355,0.2942147041024888,0.19543865160812443
1.465975888252478,-0.8150298026383253,-0.125453454393725,2.1323882236716636,3.3875157887737877,0.05995736939803358,0.2925900494447023,0.21535458500739668
1.35294714151874,-0.7832119129192884,-0.07974876105567204,2.1650535653317964,3.4000478862068015,0.061042616074951914,0.30092773752115076,0.19125912286251323
1.4336413308612919,-0.7829135379630117,-0.09644497099937867,2.1572109468339358,3.399640857040093,0.05840626935281585,0.3038547407831355,0.19683495810485863
1.3987654963795817,-0.8098645933470427,-0.08466788157148511,2.168184870626186,3.397075480058552,0.0590536698336915,0.29116733356793567,0.1941809014803186
1.5019553656128564,-0.8212206044335246,-0.10129290022897927,2.1752599889431234,3.422623960381863,0.06098958131603314,0.30880110562075636,0.19083515630818298
1.5106831816761332,-0.8812766852479836,-0.12815477453795082,2.1500340380576435,3.4159973940006143,0.058269775083570396,0.326077552202461,0.20690780572432832
1.3764617319623744,-0.7820763719471697,-0.09644982805241069,2.147633074462539,3.3867980224498906,0.059629832848261816,0.29587265965671616,0.2080828324704479
1.3294218266186835,-0.8130648620556187,-0.09706776037030776,2.1503377076712535,3.3930589561518314,0.06185461443666558,0.2969272051825686,0.20417310635199643
1.4748077989462276,-0.804636617837298,-0.09036468176006704,2.1646364124953212,3.397657456639637,0.06124188444328126,0.29872862353758234,0.19574470508517672
1.530378500734759,-0.829233672229703,-0.09277597137276798,2.1632418802901827,3.3877258072211607,0.06059110058277686,0.2891948904422875,0.2053823325658198
1.393526225843247,-0.7828820746610856,-0.10997515407927576,2.1325792771712315,3.373738334051944,0.057176132394395944,0.2911435104289714,0.2141974421793577
1.4374698085499662,-0.8625484128706381,-0.12327323758784531,2.1335537864067056,3.3942869338946693,0.06072283816097328,0.30641384837587915,0.2170808297212446
1.4530473238449846,-0.7814464611497283,-0.09939099526906553,2.154599947474132,3.3955595434992927,0.056167781816993764,0.2996889665848987,0.2047540052542298
1.448372901282796,-0.814552399608807,-0.09768864082996502,2.1685029280864923,3.4113679402489328,0.059505848182769015,0.30555671766590614,0.19006561500589353
1.4417845756250711,-0.8106544715307126,-0.10088390453323368,2.1519378349582197,3.3891805698660824,0.05849224660255425,0.28974069998097124,0.20787786153671084
1.4371963501349059,-0.7850067208847571,-0.08822146645329144,2.173619430214653,3.40877178747395,0.05808852819614554,0.2888322123825511,0.19043076394086464
1.443277862685663,-0.8158669333847628,-0.08457220790028461,2.167470980174404,3.400782568797522,0.05877595956773073,0.29324831397122525,0.19727691758017563
1.4004171624028217,-0.802963564073799,-0.11126915904057363,2.1482123410182137,3.406664434926839,0.06142395059965358,0.30738247406938585,0.20438731240554528
1.528043914332155,-0.8100410880138369,-0.09490638140221677,2.152729519522903,3.3794582683731593,0.058050872541103915,0.30068642326564693,0.20725433204346716
1.4072708790725132,-0.7836498945587143,-0.08264636022271779,2.180894791073138,3.4239294985352733,0.0575411096299666,0.3003079904893187,0.18217683095391365
1.4356018492607587,-0.827407332648088,-0.09263252905752702,2.1649357612764115,3.4033656714007248,0.05689423551210449,0.29068300775947714,0.19616880924448174
1.3745128420906283,-0.8008066770979118,-0.09535949548518122,2.1611487763506076,3.4102081045867454,0.059241769440339515,0.30124802728434974,0.19250414297995017
1.3440958387461115,-0.7750982382900542,-0.09791294573950704,2.1575013508344734,3.4094973475104267,0.05838733591097136,0.28864799500762106,0.2015372075361569
1.3697524361676825,-0.7612158551305387,-0.0953719271241828,2.143594609075723,3.381333684073741,0.06040387283041725,0.28964867108560155,0.20331575809570604
1.5155953550917682,-0.8254131334191015,-0.09098056289120443,2.168742829506635,3.3993593373887405,0.061775898233990746,0.3001003138711459,0.19863468705160955
1.3480688242690562,-0.7911409406683825,-0.07812034229801415,2.1668713299870634,3.394550604521367,0.05743858383229374,0.28896828847511863,0.19150156956570127
1.3413559660529653,-0.7662957635360989,-0.07808401144368389,2.163340076397801,3.393735068729816,0.05730888318083191,0.29443849980277625,0.19601355404528714
1.3836340910021012,-0.7978333446824901,-0.10591607244388851,2.1526709074691155,3.405255445356103,0.059194845112156703,0.3131932618868073,0.20000404795434565
1.4170343329287247,-0.7918805294894095,-0.08490649882742286,2.1681847841327953,3.404379257457539,0.05804985819875267,0.29835522888201343,0.19729840199493603
1.3753713146932194,-0.7954663881617445,-0.0745043254224568,2.185588896305014,3.420287825966649,0.05745641479937359,0.303896263832649,0.1883059413430379
1.3684212768571138,-0.7821059865804968,-0.0801243963572375,2.168156709029108,3.394112317039808,0.06032020768603707,0.2816583680469066,0.18851310102195357
1.4830548011787448,-0.8140611669452359,-0.08301979912663798,2.17877873233212,3.4132137401884446,0.05780001494902297,0.31059594429885634,0.1856168285073147
1.4388945496181786,-0.8386801679079284,-0.08624699116067595,2.169486291824979,3.408965894643799,0.05674811990577196,0.3088389489627544,0.19168425456757035
1.3879976331701191,-0.8076978481307809,-0.09348161448680178,2.158430648816495,3.4030490310900428,0.05830427661563559,0.29514764532452314,0.1992800408312188
1.7,-0.932876399236801,-0.2187866675355097,2.0628988443652454,3.341147621468009,0.06914532827592733,0.3128852858010693,0.2755931606819515
1.440122593848568,-0.804705026950162,-0.11077905399597278,2.1459922509872156,3.3945110308588484,0.05945871779682829,0.30012618720512585,0.21173394598323292
1.5189086089962496,-0.8379695458805854,-0.10643179610474567,2.1555111931546547,3.393113214762162,0.05986276700951595,0.2970931701207137,0.20523004051339983
1.4880617446368665,-0.8235195230988256,-0.09324007182187272,2.1705322605092534,3.411331962273706,0.05802529695678608,0.314633983017529,0.19503326454632725
1.4718244412958992,-0.8038558474845038,-0.08684666948557332,2.1622902856558093,3.390669272770561,0.05813658948761282,0.30302584606523986,0.20216220376278712
1.4410794473967297,-0.7990398050652489,-0.09285246794100363,2.1688935765498334,3.4143074490303107,0.05854127560364908,0.3029200050555442,0.1891011630256921
1.4871501217444199,-0.8529592357715704,-0.14364674474151282,2.1160897971834047,3.3829976613986172,0.05595930525414975,0.3080955047746515,0.22656679333443827
1.360447893937511,-0.7935577300324196,-0.08610114474154652,2.1610253453247728,3.391399889824223,0.05967623104759383,0.2911237085294693,0.1978544634234178
1.419759390912208,-0.8162398047451689,-0.09417924755329476,2.154817145562952,3.3909613093541933,0.06042829033526648,0.2984332930680658,0.20364077805988204
1.4595856910426688,-0.8083853232532066,-0.09535111076024338,2.1665117529830544,3.4022759698953173,0.06029800916664943,0.2828735210578413,0.19539991662305894
1.4437711007454277,-0.8187918065985798,-0.08659977261225499,2.1699934401156193,3.407475667579401,0.05614653009821455,0.2933085410628896,0.19398281793027447
1.5213667636379267,-0.8012916353095725,-0.07375915855012456,2.189481946290412,3.4088313294258206,0.05915951505092709,0.30292286283447184,0.1876137791127757
1.3842720618020115,-0.7826651877117969,-0.06978037215024947,2.1807784521619316,3.400096249088254,0.06030928331692735,0.2859643636716828,0.18164596725640605
1.4095489147270324,-0.8097319103780277,-0.08418802346007011,2.1769151138744967,3.413075602377928,0.0583855038437034,0.2947939324795501,0.18657589307937247
1.4103350347233312,-0.8126141487015242,-0.0808212234238628,2.166029021392071,3.3955757301286384,0.059086832567169394,0.29753890392124005,0.19473018762795571
1.3562396457116213,-0.7947538936826639,-0.07438476511556891,2.178592864306429,3.4146864405443096,0.0601235004436801,0.30267810779452753,0.18505514020878397
1.3752206173655142,-0.7876821785212684,-0.09984825644679095,2.154739385126652,3.4061595981327897,0.05579803491129516,0.29110056272620954,0.20282777515026681
1.3777897315629044,-0.7586474253349044,-0.09603787278299801,2.148011720547658,3.38584142123347,0.05843842041713441,0.2882423527388882,0.20374957404805064
1.351055229059905,-0.7992643196759043,-0.09441416044477284,2.1596930982584097,3.405275536871712,0.057133433894050845,0.3083495873448451,0.19406347885195702
1.3892675922418445,-0.7874561468401186,-0.07068931306147448,2.172896905480376,3.390867317117412,0.05991467264553082,0.28352850542209046,0.1939792177016088
1.4449150284466075,-0.8062712842225912,-0.08929002418943308,2.1621737244008936,3.3969135204522987,0.06050317025367987,0.3013608965867526,0.19826081491391911
1.4327035174265264,-0.7771901087737524,-0.08016635302008937,2.1688797747775794,3.392753589268493,0.05720502006589558,0.30190440169004495,0.20077345095127871
1.3563364996109442,-0.7684783002632052,-0.09862913035097794,2.1468357622334824,3.395620370238349,0.0637348572085677,0.3039480195648146,0.20456743395720178
1.3430628722979416,-0.7886254289229061,-0.06584177335200674,2.1754426205340334,3.39965431683441,0.060635742141327775,0.2937274929253525,0.19283199471551943
1.3718865831173233,-0.815764319181116,-0.09712144640083407,2.163600167322892,3.4197360286914,0.055357916727860064,0.30721942667709573,0.19781010523202527
1.3588708919235992,-0.8009090615307236,-0.08688093666584518,2.154421014200679,3.3869509788168757,0.05804545895556791,0.2976008488111022,0.20817304889905636
1.3332421705808126,-0.7622367246261255,-0.0993976719833448,2.1464951111127486,3.3897886705246787,0.059168372010501936,0.2917511037221409,0.20966774060022517
1.5130148047674263,-0.8004512449434986,-0.11135781675880706,2.1579477806695575,3.4077971909450246,0.05603889592973101,0.31029340039837444,0.20232456651648845
1.425897799588341,-0.7815912054946006,-0.09830652049309149,2.157129079841711,3.3943737375926775,0.0587708877635706,0.2988529988905445,0.20245523885322564
1.3373893898819191,-0.7894264575233517,-0.10252023559677072,2.143732099157244,3.392108790401866,0.05704052939739836,0.30651685370582776,0.21073363386674845
1.5625015415029748,-0.8238955510071452,-0.10989244330662605,2.157853732876239,3.3964167683420556,0.06035347282462955,0.29625156003803144,0.21139939324036044
1.4321763528861535,-0.7920821156541192,-0.08294167287148316,2.1699852188164783,3.4033058267023373,0.05998634030299402,0.29244752608179947,0.19416869637664583
1.4468988994702956,-0.7766392118261197,-0.07181638727433312,2.1745915592810277,3.3900357793330906,0.06166510462682396,0.2826975005127617,0.19318600492333865
1.349650812082309,-0.7570780720068973,-0.08198433580135865,2.1688586593554104,3.403776758831031,0.05722716885885956,0.2876142898087728,0.18929663078754927
1.3950995254764977,-0.8012517287110625,-0.1199475364989652,2.130673957167316,3.385750817217392,0.05884941088574668,0.3048570911864993,0.21700068995986813
1.4512041050560358,-0.7829807600393808,-0.07930962516416079,2.1737191934398923,3.403207105831725,0.05873051453345554,0.2952909838384109,0.19002868201514858
1.4900989453903657,-0.8172983411008761,-0.08829594513292265,2.1652471743603523,3.400523933247255,0.06065366943401455,0.3018539398140556,0.20238643415173102
1.447999379471981,-0.7724359035188888,-0.09368963955261776,2.153542854096537,3.3837241778683684,0.061068690222947926,0.29544257336764396,0.20947316662045426
1.4582990991074658,-0.7730747791785889,-0.08041168993167461,2.172387792857251,3.3972516769893315,0.0611469083968843,0.2965119255612528,0.1965380500896612
1.4299698842028943,-0.8148275965812878,-0.10793696975556813,2.145771772283464,3.389418944463503,0.060282162367857176,0.29901296922805154,0.21364790350089963
1.3805629280866059,-0.8179958937929509,-0.09963885866747353,2.163713133766094,3.416471622969873,0.060405083479399165,0.2937905319278459,0.19274991489257018
1.342661670653835,-0.7715819301850498,-0.1073560398636018,2.1329728449710714,3.3804767913381553,0.05828022854727534,0.2839485940225945,0.21855256605678972
1.5290571825055082,-0.809590767698582,-0.06998323733920096,2.1852808510094923,3.4042561707278964,0.061080484624745295,0.29965256913972094,0.18657156684540102
1.4305945176465098,-0.7982784587509552,-0.09204300248488544,2.165223480414001,3.406089047390621,0.05857743633137609,0.2953791109676873,0.19696409830294007
1.342956243277088,-0.7853064622364129,-0.0851482603422457,2.1562367752564278,3.3947746825380807,0.055495805328560605,0.2970251551217011,0.19978703612272436
1.3668741112599427,-0.7907325834857379,-0.08701741250292047,2.1526197588977016,3.39440092532477,0.05725567382706787,0.3002342531162477,0.2029971554873563
1.4545462892378662,-0.7891683100805817,-0.07095149322024134,2.1846942275504495,3.402391783261369,0.06044105459329308,0.29967975221056886,0.1870334984245077
1.4426077197301583,-0.7942686901588262,-0.07469819666527856,2.183570136045272,3.4142622130802245,0.060296805707081236,0.29186517995552924,0.18393182994518142
1.4564885380640873,-0.8331796120702335,-0.10208883480364751,2.164958440459508,3.4027292624453516,0.059501512242339405,0.31660863026920055,0.1954070370374035
1.361568319962098,-0.7655578787858784,-0.08572038428557019,2.159006721177445,3.3938504776624527,0.0580792400461247,0.2946385083525082,0.1967226217126572
1.3974670442990946,-0.7786092234046526,-0.0887550391337556,2.1646142379316182,3.4002280036922317,0.05881536376034726,0.2969890303479087,0.19021107234596943
1.4029157260139982,-0.793807886218922,-0.09252027215053296,2.1584520397437554,3.3944387586309075,0.05917264622397272,0.28867920404831837,0.20755737508090955
1.5102201946654652,-0.826222656965061,-0.09266863610092213,2.1743785311530552,3.4070820906931862,0.059327826567999634,0.2937936843644191,0.19613594817750352
1.460293262205156,-0.8422086045788973,-0.08788767477889721,2.1672224364122648,3.4006900269687734,0.06364283960676434,0.2964367772756479,0.1899001479835791
1.4121552803766795,-0.7766077439150879,-0.10541610284567708,2.154838857624856,3.403966206519031,0.058856558128473395,0.306669461731733,0.19944131975702453
1.4076074872473694,-0.7677831069179073,-0.09099858647867616,2.157274586954576,3.3855130322967,0.0591836760015651,0.295646722687781,0.19711396744608103
1.4058559279918788,-0.7716749380808867,-0.07717825030349937,2.173060377827093,3.4003451398253617,0.060496541736429904,0.281059899249853,0.18456528548423903
1.358698813757661,-0.803756359944986,-0.0842063183562378,2.1579539337032823,3.393292981249249,0.0582825208739936,0.29407774694821937,0.20290409939373152
1.4066582302859454,-0.7642760580293609,-0.11217581867868295,2.139884724375918,3.3869649308781113,0.05744104792358326,0.3148162737504008,0.21386684000227768
1.4299304997737339,-0.7808779392228586,-0.08602031979565009,2.167853948827386,3.399288497214863,0.05999091572900915,0.29723969363635316,0.19758479425967684
1.4106895903346348,-0.7994104805513469,-0.0948002742865876,2.162567669481472,3.407362832187798,0.05831139413510201,0.30118118113388836,0.19814236415020386
1.4630296254155815,-0.7888563373993049,-0.07859006197188713,2.185646600861808,3.4195718656308713,0.060669117715938185,0.28392883593190626,0.18565297086686702
1.4388458822728223,-0.811856522953078,-0.09590852887727591,2.163741912067954,3.4092171556753494,0.05864853056910961,0.30217209175463,0.1921878014476471
1.486398196409773,-0.8730331112738071,-0.14992464712101752,2.104495138050222,3.3748557111850284,0.06169950019579547,0.307266119568935,0.23706199159735392
1.4639494862248064,-0.8025090524133435,-0.13613792808983918,2.123293983076975,3.380500037153057,0.06214591185949364,0.3113352202761443,0.230058392373348
1.3740281792953948,-0.7726925302502559,-0.07711200956774358,2.171482897967973,3.402673417347201,0.05992560627052288,0.2846919977978724,0.18826733473885113
1.3324079489927556,-0.7766089658175056,-0.10869885272877111,2.1288387675098797,3.3801790837741423,0.05674996007223074,0.2894985412089044,0.21704737009840808
1.3903048033316368,-0.7951296948543375,-0.09327877823489952,2.1494551965116933,3.3938127416089547,0.06001061715565602,0.29694742785403905,0.20289815855020715
1.3757684081137351,-0.7853182424174241,-0.09352037462762026,2.1539933433730143,3.396571118245259,0.05671004442650943,0.2978338902905208,0.2025199797684947
1.4663483182363546,-0.7890861663944743,-0.07916530394427056,2.1717394380478225,3.399331986523023,0.06442493025417306,0.30096111362516054,0.19299824548729172
1.3764805685511876,-0.7837813787411304,-0.07607793303275187,2.175974539641375,3.4016192346573324,0.05893172376312252,0.278059612630133,0.18964069914196913
1.3962863449775582,-0.8293720921155419,-0.10647204218251013,2.143040548213568,3.381315286701022,0.060200603593362705,0.2916831345680576,0.21143945327648472
1.385309940634252,-0.7876970985684192,-0.08124437557917075,2.1664005837010594,3.39404376545949,0.060546145173266376,0.2915415949903109,0.19819802003824077
1.4665839959257445,-0.8145666444124119,-0.09082010389204691,2.167033950441278,3.395709830073948,0.0600013666957065,0.3024068482039788,0.19586357166660776
1.366950671019526,-0.7906176381242744,-0.07444007041311353,2.1609151209610507,3.390047154324926,0.05754254818478486,0.2922255608963651,0.2010154355440179
1.286524974165493,-0.7957538908904784,-0.09833960188591657,2.1469614366322034,3.40493450628918,0.05718506938801648,0.30837673080237266,0.20013118372473693
1.4403405426150817,-0.76873012189809,-0.0834399800682005,2.1716162708785616,3.3990741032072798,0.06273580911816744,0.29454960171389866,0.19103055957971943
1.4200914777469897,-0.8091095631211457,-0.08979899579695161,2.1653923715161656,3.4043920246478065,0.06037734076682753,0.3063479687022207,0.19346301338474076
1.3850718376403057,-0.768959863400755,-0.08913124543877529,2.170607767603587,3.4061069708798115,0.061087592097644944,0.305036953700354,0.19532215851905643
1.40822676716986,-0.8143124916329357,-0.09064945713589305,2.16120730966388,3.3988511299980377,0.057930612279875206,0.29049340376849253,0.19788703099844432
1.4906581419807203,-0.8098648425645456,-0.10218575254999518,2.1588364490221448,3.4015366736105976,0.0575566791188465,0.31004904510320125,0.20241877460986146
1.3162168919547301,-0.7562165487132688,-0.07207008106256368,2.1749177954910976,3.402111168747848,0.059601337285716274,0.29670156791405616,0.18478519671924326
1.3871896307666947,-0.7761824399981856,-0.06731614248201222,2.1735789509624417,3.3911958842700445,0.05972950672544851,0.29138585700666286,0.18739795289171257
1.3933927434459688,-0.7766452810004806,-0.10384428098491104,2.141726115319565,3.3808914678233486,0.05961595747714438,0.2967140063582635,0.21546770347711
1.3449073987943068,-0.7850210779705953,-0.09312093099735123,2.1536899760724926,3.3948762877179055,0.060101686866571566,0.29163833754781865,0.19851242659015297
1.4397181907423833,-0.8213603039688476,-0.1212374761015825,2.133391387953824,3.3824196183254873,0.05967143739311908,0.29093569815889747,0.21742228641567873
1.47653089179331,-0.8136704001412273,-0.09317204962680994,2.1587958279967854,3.3903519038513683,0.06002391108234617,0.2936501155084884,0.20134485760278456
1.4736197540042253,-0.8109255455365293,-0.10092464100307634,2.160349433876658,3.404377868485165,0.0576550396238398,0.3020941956451908,0.19918700962984348
1.3931191549364386,-0.7860866149959432,-0.08650504629719098,2.1603379662900535,3.3965261200615195,0.060252950116642785,0.2871493785765956,0.20037366087696185
1.3676046259639911,-0.8483231954077672,-0.13356718137037946,2.1224511340604812,3.3968251775237666,0.059279785538482184,0.3091405973321541,0.2209715971236241
1.4696239838050604,-0.790713922816738,-0.0982972306570817,2.15783239914289,3.3914499046062527,0.06205869420691638,0.2881901282220917,0.20218344088890486
1.4684803373764308,-0.8434597498054445,-0.10562364398691855,2.1546957520858423,3.402477800032521,0.05868823576740012,0.31740137279459085,0.2089401414637485
1.3754535362640126,-0.7790790721194955,-0.06619663846144119,2.174379951902672,3.3929473868826117,0.05832512252461995,0.2891191937382705,0.18864657891673717
1.379073404306261,-0.7963504746958657,-0.07983794808379963,2.1586641937835536,3.389669372084042,0.058625274634428855,0.2925646644809578,0.20203579492446472
1.3930876044618286,-0.7840017474486308,-0.08244143422388639,2.1674716707842894,3.3962869801380218,0.061173727104759205,0.2955824224993881,0.19566561885700168
1.3251744114104231,-0.7895238738842076,-0.10783380619343741,2.1431820970231983,3.4021177198509673,0.05746025902598934,0.3054645380601773,0.209789025771584
1.516255584811857,-0.8298452043193368,-0.10439287315827149,2.173301231877851,3.4223194432476087,0.05981937012469217,0.30923266626837886,0.1953141898551082
1.4649621027028819,-0.782553337393391,-0.0962574955277868,2.169290619167672,3.413984828972405,0.05775796652715321,0.3017335787870095,0.1940701341531066
1.5622498595614664,-0.8375802974271204,-0.1043209241209701,2.155795515803277,3.39624934197275,0.06470783713621994,0.30075791620697806,0.2053364951153781
1.4548033466616974,-0.8367849143711485,-0.09991096714873653,2.159683833105446,3.4077996008278966,0.059483592084822165,0.3012508452444062,0.19810636406420531
1.4513341325666431,-0.8119551093055427,-0.11960348876070907,2.1528721598997547,3.4134181669016628,0.05869332243271861,0.31575178471396276,0.20112867603026283
1.4418994275759298,-0.7936542119815377,-0.10662635797279653,2.152309269724104,3.3867515634220693,0.06156719647086935,0.3048546994165643,0.21006185969544194
1.4449824556464737,-0.8085557240241432,-0.09983098804284354,2.1544509545274946,3.3871323626759056,0.056639017491027864,0.2961639585942349,0.20796617528588088
1.3768279908720606,-0.8234819870499681,-0.11972574482670877,2.126790880851828,3.386259460576258,0.060106263992734374,0.29131235423442847,0.2191516913614094
1.3989845437072517,-0.807634390099746,-0.07675153792334297,2.1699231158467702,3.401763816073525,0.05952429213495124,0.2928006700857165,0.19259034285060508
1.4029235781583453,-0.7891582171774092,-0.10705306073710362,2.136914140775126,3.3781115107071407,0.057431636697779204,0.28986631813186803,0.21529345840719222
1.326248043997341,-0.7998565128918288,-0.08833304910990904,2.1693344666054015,3.4123347473367924,0.061887228254575224,0.29161868054978446,0.19190454489711156
1.4007832151391055,-0.8043774007006793,-0.09519037622826007,2.162162358159331,3.403747715634086,0.058173368147238814,0.30388476371440126,0.20005755624561306
1.427250005955384,-0.794778086388082,-0.11888447936616582,2.145169428943675,3.403331648012699,0.06255324112785796,0.3090711384986913,0.20436372898636807
1.619889399278263,-0.8799039102598273,-0.10403574150878075,2.165265677233941,3.400830613615693,0.06098476699734004,0.3055007802523358,0.20093237365348193
1.4213975276886524,-0.7964791162241533,-0.07703329520111903,2.1639522136804303,3.383584888937837,0.05801596836096605,0.2781588103704397,0.1980846482305074
1.3244785123866318,-0.7847246186145217,-0.08432198777255796,2.163758140615285,3.4080664227620487,0.05602083907192093,0.29885546784385963,0.1934948401902086
1.4063401766812276,-0.8165024074148313,-0.10758997594881672,2.1521102914603443,3.403642413875911,0.0593210873790705,0.31993227367419863,0.20062083591412536
1.4747569146291652,-0.8414464002321264,-0.1016567049151225,2.16693580011139,3.4117985384116523,0.05897722707747431,0.299869878498663,0.20216883290645973
1.411620384784491,-0.8124753836537587,-0.11385399563156698,2.1289133728610175,3.380415446441879,0.05721354585034223,0.28793380063768553,0.21738767874479237
1.4084226229013295,-0.8326236707794014,-0.1067431102280436,2.1555960270545462,3.4151909434051926,0.057003041480637354,0.3114270997488571,0.20249027289719468
1.3182721336399168,-0.7767515085075776,-0.09155158489465494,2.1623446846155185,3.4057292734095865,0.05753554623754468,0.2944950905003339,0.19751092167193446
1.4919208567604694,-0.8339793913503036,-0.10517490112668426,2.15396658236009,3.3964047098605117,0.059273159491817086,0.29178333823321134,0.2011963402698418
1.322672804839068,-0.7927253852707794,-0.09022989100625858,2.1421614329787757,3.381338457487166,0.06008643152872872,0.29050649919062305,0.212780429601233
1.4358652315351474,-0.8234505664654452,-0.09335988598358524,2.1590854993459208,3.4011534914748154,0.05887491456016562,0.29572295208480165,0.2011404241741852
1.3847771232168176,-0.7877010470234062,-0.08321459927930921,2.1607236398710925,3.3984719355145816,0.058002920915746305,0.2868067003615816,0.20239754390676126
1.4060341986376825,-0.8134448084783269,-0.08376554282981685,2.185952070439667,3.428308811630308,0.06138398460310118,0.29316688351820036,0.18055586141881164
1.4664447912038363,-0.8211111959690872,-0.08101482995741685,2.173227979474704,3.4024697636440253,0.06053652741365404,0.2882999041073221,0.19430069263095015
1.5062669605953742,-0.8398985078781716,-0.11781526314770932,2.1466131070371985,3.3979227662741414,0.05881773227332844,0.2930350936823314,0.2145571537208599
1.4256033766983611,-0.7896348410645594,-0.09216209526114867,2.1517497177714056,3.3814027367901427,0.060086743434555306,0.30427192672980236,0.20295284637796396
1.3816629690002096,-0.7906617218840195,-0.09365072711971231,2.151718960958165,3.3871602941698145,0.06372752534491889,0.2946274695022234,0.20252532840439053
1.3670856903466442,-0.777487939950671,-0.10548582001517591,2.1420669978884064,3.3874920661495933,0.05698972476557207,0.2946518970875392,0.2088860292573729
1.4554980722125168,-0.7827423145700689,-0.08462859831376646,2.1630191616653156,3.392476504899409,0.05734832181495441,0.29841895853384276,0.20123674677686026
1.4160856469430811,-0.8171191932836109,-0.10290646718209914,2.1444985146969406,3.391280379962821,0.05969443801682264,0.2843589695553999,0.20476956534059076
1.5057321196513036,-0.7773172268241244,-0.07528297078271128,2.1768494738868545,3.4028966227034574,0.058342252107153644,0.29771271565224805,0.19149476979005176
1.4204877199464587,-0.7974852739526106,-0.10900521295090859,2.1493077780576044,3.400726804813946,0.05855433129624335,0.3064688752366035,0.2079509009317764
1.460590368042987,-0.8225197428539669,-0.13429685087978177,2.1212126339067585,3.382387846633908,0.06139967091821962,0.3115778253183475,0.2285490512029213
1.3729997567394219,-0.7939880626331737,-0.1148129510868466,2.1209306633805873,3.370138446128379,0.05938266653392464,0.2953244422957978,0.2227506294531392
1.467694283674628,-0.8353519866762136,-0.15507379502875113,2.094842022777688,3.359889438494364,0.05821855556678602,0.28970206589052133,0.24841723562934892
1.436951124362958,-0.8037806576511375,-0.1043780091142114,2.1551068320226894,3.398433013507509,0.05925022381873987,0.30455976757214304,0.19770683100936043
1.523012828332855,-0.8031971593328626,-0.0914863817533132,2.170438027204916,3.406956770645136,0.06004537428353972,0.2907490772875609,0.18937718799021924
1.3938092198869336,-0.7663811444877708,-0.08904456457442615,2.155091145710253,3.38504133754558,0.05973706906483855,0.2995774397790009,0.20555241608645694
1.390954240177835,-0.7896574067444537,-0.10130082832347652,2.151835194132489,3.4045551907089098,0.05468126541143598,0.3031307880953041,0.1966747624074185
1.4255855737515581,-0.8396420907294886,-0.08664277500494245,2.181882348716378,3.4249433406993415,0.05605802191000226,0.30169332862948584,0.1771907823033238
1.414455255627575,-0.7866525133523554,-0.0812042621466911,2.1658330846256955,3.3957743691519973,0.057161704843006936,0.2922141578877034,0.19310113426646489
1.4079193495017317,-0.769876818526497,-0.07608512953572119,2.176804530311023,3.4078318999543074,0.06034344954467195,0.3035328408059147,0.18675576690514345
1.3608413533821462,-0.7850818353715793,-0.09203027107972615,2.1505989111806554,3.3916080682018594,0.05904709560621436,0.2940003284801681,0.20847975414044748
1.3040214586722896,-0.7791987722157767,-0.15219014171835799,2.0811399086565765,3.363084934447916,0.05727013478686118,0.3086641258114567,0.25744841789429274
1.4101005355385987,-0.7932259054268505,-0.07982034321095528,2.180965299905553,3.4148977996925267,0.05877826051165954,0.2874936607817127,0.1818966575952935
1.559253018371521,-0.7851623546548591,-0.11427993425174786,2.145190289228806,3.377189816594403,0.05975603077975782,0.28799895182369056,0.21340524395357777
1.5033150679798992,-0.8513846981904146,-0.11195539528014826,2.1358044754072933,3.378085925052144,0.05954919825227679,0.30366327630804835,0.21925875269250475
1.3743741530407179,-0.8100011493358557,-0.09613307349035896,2.1555869865599226,3.401151210146835,0.05786555546571058,0.2983607467536102,0.1981294031600537
1.5462274277528296,-0.8308165324485476,-0.1372617749994982,2.132601388027707,3.3940851421803595,0.06229271158626617,0.30912633293079517,0.2189211877520824
1.3619845326631848,-0.7979343080064337,-0.06736023823778751,2.169024245820149,3.401649926142106,0.057163336595227585,0.28382565512628566,0.19850435229948582
1.356430911584129,-0.7768492085894998,-0.10065051747744123,2.1420688727423762,3.384913711245949,0.06095717296138507,0.2869260076723623,0.2075103537823546
1.3453801110079713,-0.7970162613269167,-0.09788380267173268,2.1567182517538344,3.410617565833702,0.055992906641852705,0.29320533137161714,0.1994740461988681
1.397538594005784,-0.7970075990453983,-0.09254070500574198,2.165937968076984,3.407125262835797,0.059556949614352026,0.3041123705127218,0.1975420423179547
1.3286244764162138,-0.7973713148277649,-0.11641658787218886,2.131507858774073,3.39648479312794,0.05864839072946405,0.304062856732735,0.21404354772321957
1.4377445111169098,-0.7897680446645639,-0.0965670543912087,2.1559700430903477,3.3909025198174594,0.05820535738950196,0.2856799744805543,0.20061807837608603
1.5140850522991023,-0.8224736184834812,-0.0940886834208613,2.164096587632532,3.4015035800537863,0.06341829450679191,0.29294932601207,0.20545576007957858
1.3701602044823848,-0.8227502400451081,-0.08685100064543538,2.164377943226441,3.4105796219099083,0.060594092282811686,0.29957369295142056,0.19342656357218627
1.4544680754850143,-0.7693538947107184,-0.08581264170394448,2.1728034764497415,3.41103765370359,0.060042093292829724,0.2850577523595666,0.19297839860789875
1.4692213186114953,-0.8136973597869219,-0.09913352005383373,2.159275703379706,3.4014855528747923,0.057230488989909886,0.29740612668590394,0.20252000158097913
1.3416129672782924,-0.7967059795747354,-0.08491305771454953,2.1757742717793165,3.423305113504038,0.0592026072343157,0.31012366179992834,0.19103205753164323
