col1,2MASS
2MASXJ09484512-0635502,09484512-0635502
2MASXJ09515502-0649225,09515502-0649225
2MASXJ12202211-0651323,12202211-0651323
2MASXJ21170700-0643281,1170700-0643281
2MASXJ21191866-0614409,1191866-0614409
2MASXJ09433450-0500570,09433450-0500570
2MASXJ09492207-0511256,09492207-0511256
2MASXJ11332638-0558570,11332638-0558570
2MASXJ11361695-0545175,11361695-0545175
2MASXJ21200028-0507466,1200028-0507466
2MASXJ01211459-0410162,01211459-0410162
2MASXJ01250074-0438168,01250074-0438168
2MASXJ01260163-0417564,01260163-0417564
2MASXJ02581778-0449064,02581778-0449064
2MASXJ03353098-0418583,03353098-0418583
2MASXJ03394713-0440121,03394713-0440121
2MASXJ03415742-0442174,03415742-0442174
2MASXJ03454312-0405295,03454312-0405295
2MASXJ08491322-0425082,08491322-0425082
2MASXJ09385496-0451573,09385496-0451573
2MASXJ09505649-0459516,09505649-0459516
2MASXJ11092925-0443524,11092925-0443524
2MASXJ11485192-0441551,11485192-0441551
2MASXJ22024694-0424459,024694-0424459
2MASXJ22205826-0403315,05826-0403315
2MASXJ22223645-0407146,3645-0407146
2MASXJ22235895-0404243,35895-0404243
2MASXJ22481477-0436299,481477-0436299
2MASXJ01240432-0315356,01240432-0315356
2MASXJ01242002-0351026,01242002-0351026
2MASXJ01254648-0344021,01254648-0344021
2MASXJ01270837-0313110,01270837-0313110
2MASXJ03390273-0337371,03390273-0337371
2MASXJ04261882-0337158,04261882-0337158
2MASXJ04294645-0319293,04294645-0319293
2MASXJ10182595-0301230,10182595-0301230
2MASXJ10191524-0323503,10191524-0323503
2MASXJ10201830-0312513,10201830-0312513
2MASXJ10252649-0355446,10252649-0355446
2MASXJ11100411-0332312,11100411-0332312
2MASXJ11225205-0335580,11225205-0335580
2MASXJ11230477-0328407,11230477-0328407
2MASXJ11492608-0330432,11492608-0330432
2MASXJ11493229-0328342,11493229-0328342
2MASXJ12151798-0325460,12151798-0325460
2MASXJ12493646-0350401,12493646-0350401
2MASXJ12493907-0351231,12493907-0351231
2MASXJ12500000-0334325,12500000-0334325
2MASXJ14421446-0335139,14421446-0335139
2MASXJ14445033-0302178,14445033-0302178
2MASXJ15585795-0343136,15585795-0343136
2MASXJ16030430-0323066,16030430-0323066
2MASXJ01250896-0251497,01250896-0251497
2MASXJ01261138-0255414,01261138-0255414
2MASXJ01273538-0249475,01273538-0249475
2MASXJ01274727-0252085,01274727-0252085
2MASXJ01285275-0213310,01285275-0213310
2MASXJ03503566-0221058,03503566-0221058
2MASXJ04120195-0214330,04120195-0214330
2MASXJ04214801-0210579,04214801-0210579
2MASXJ04251519-0239249,04251519-0239249
2MASXJ08235598-0202222,08235598-0202222
2MASXJ08433186-0229581,08433186-0229581
2MASXJ09032397-0234347,09032397-0234347
2MASXJ09290823-0232573,09290823-0232573
2MASXJ09311839-0247557,09311839-0247557
2MASXJ09365290-0234025,09365290-0234025
2MASXJ09442875-0236300,09442875-0236300
2MASXJ09473218-0253171,09473218-0253171
2MASXJ10165615-0216596,10165615-0216596
2MASXJ10174499-0222104,10174499-0222104
2MASXJ11093507-0235584,11093507-0235584
2MASXJ11104401-0244043,11104401-0244043
2MASXJ11333444-0215198,11333444-0215198
2MASXJ13491220-0225468,13491220-0225468
2MASXJ14051489-0259014,14051489-0259014
2MASXJ14163041-0224544,14163041-0224544
2MASXJ14472079-0255134,14472079-0255134
2MASXJ21113046-0201572,1113046-0201572
2MASXJ22022773-0224359,022773-0224359
2MASXJ22093290-0234290,093290-0234290
2MASXJ22281498-0253043,81498-0253043
2MASXJ22311015-0225140,311015-0225140
2MASXJ01175155-0157209,01175155-0157209
2MASXJ01181298-0104226,01181298-0104226
2MASXJ01191347-0108400,01191347-0108400
2MASXJ01245104-0141294,01245104-0141294
2MASXJ01252603-0133021,01252603-0133021
2MASXJ01253116-0124291,01253116-0124291
2MASXJ01261771-0147364,01261771-0147364
2MASXJ01262516-0138195,01262516-0138195
2MASXJ01265076-0130400,01265076-0130400
2MASXJ01271617-0116190,01271617-0116190
2MASXJ01281297-0154555,01281297-0154555
2MASXJ01292655-0111595,01292655-0111595
2MASXJ01310496-0150428,01310496-0150428
2MASXJ03204534-0103137,03204534-0103137
2MASXJ03300434-0117503,03300434-0117503
2MASXJ09033221-0106048,09033221-0106048
2MASXJ09091700-0109586,09091700-0109586
2MASXJ09552678-0152001,09552678-0152001
2MASXJ09575787-0125050,09575787-0125050
2MASXJ10061207-0133115,10061207-0133115
2MASXJ10452383-0115440,10452383-0115440
2MASXJ10500165-0152029,10500165-0152029
2MASXJ10572511-0121307,10572511-0121307
2MASXJ11032697-0132252,11032697-0132252
2MASXJ11054331-0130057,11054331-0130057
2MASXJ11065559-0126492,11065559-0126492
2MASXJ11163799-0101389,11163799-0101389
2MASXJ11372542-0147140,11372542-0147140
2MASXJ11433896-0138488,11433896-0138488
2MASXJ11584622-0127562,11584622-0127562
2MASXJ13234575-0110475,13234575-0110475
2MASXJ14365424-0152552,14365424-0152552
2MASXJ16040801-0117164,16040801-0117164
2MASXJ16203335-0105441,16203335-0105441
2MASXJ17122598-0114007,17122598-0114007
2MASXJ17193765-0101065,17193765-0101065
2MASXJ21495126-0146051,1495126-0146051
2MASXJ22290466-0111060,90466-0111060
2MASXJ01184489-0054224,01184489-0054224
2MASXJ01190514-0047080,01190514-0047080
2MASXJ01200046-0028266,01200046-0028266
2MASXJ01201533-0020083,01201533-0020083
2MASXJ01231700-0054208,01231700-0054208
2MASXJ01233214-0012480,01233214-0012480
2MASXJ01555869-0019399,01555869-0019399
2MASXJ02043851-0048378,02043851-0048378
2MASXJ02054027-0041418,02054027-0041418
2MASXJ03012623-0004257,03012623-0004257
2MASXJ03071898-0045017,03071898-0045017
2MASXJ03234430-0007099,03234430-0007099
2MASXJ03304695-0053066,03304695-0053066
2MASXJ03541965-0013344,03541965-0013344
2MASXJ03561864-0043567,03561864-0043567
2MASXJ04010250-0043036,04010250-0043036
2MASXJ04074346-0054350,04074346-0054350
2MASXJ04094099-0050441,04094099-0050441
2MASXJ04155271-0040387,04155271-0040387
2MASXJ04201768-0041336,04201768-0041336
2MASXJ08152626-0045296,08152626-0045296
2MASXJ08594688-0000205,08594688-0000205
2MASXJ09451193-0007121,09451193-0007121
2MASXJ10172706-0029438,10172706-0029438
2MASXJ10173823-0027114,10173823-0027114
2MASXJ10361431-0009321,10361431-0009321
2MASXJ10434516-0025239,10434516-0025239
2MASXJ10490474-0040079,10490474-0040079
2MASXJ11155204-0004363,11155204-0004363
2MASXJ12354233-0012536,12354233-0012536
2MASXJ12585462-0058220,12585462-0058220
2MASXJ13000381-0022153,13000381-0022153
2MASXJ13255176-0040447,13255176-0040447
2MASXJ15113694-0016227,15113694-0016227
2MASXJ16093042-0020016,16093042-0020016
2MASXJ17104740-0021203,17104740-0021203
2MASXJ17121995-0037369,17121995-0037369
2MASXJ17200667-0041261,17200667-0041261
2MASXJ17215887-0040424,17215887-0040424
2MASXJ21300555-0057212,1300555-0057212
2MASXJ21305025-0055389,1305025-0055389
2MASXJ21425941-0056299,1425941-0056299
2MASXJ21505091-0050521,1505091-0050521
2MASXJ21511809-0057257,1511809-0057257
2MASXJ23411196-0005288,3411196-0005288
2MASXJ23432826-0001485,3432826-0001485
2MASXJ01011817+0922053,01011817+0922053
2MASXJ01245967+0925576,01245967+0925576
2MASXJ01272557+0918229,01272557+0918229
2MASXJ02024348+0928169,02024348+0928169
2MASXJ02081433+0907385,02081433+0907385
2MASXJ02120042+0929275,02120042+0929275
2MASXJ03112391+0942132,03112391+0942132
2MASXJ03123424+0944057,03123424+0944057
2MASXJ03262233+0940045,03262233+0940045
2MASXJ03335245+0902390,03335245+0902390
2MASXJ03402231+0913341,03402231+0913341
2MASXJ09563191+0949199,09563191+0949199
2MASXJ10170684+0936227,10170684+0936227
2MASXJ10175494+0908089,10175494+0908089
2MASXJ10202069+0936305,10202069+0936305
2MASXJ10224342+0935307,10224342+0935307
2MASXJ10250450+0931565,10250450+0931565
2MASXJ10255305+0919155,10255305+0919155
2MASXJ10275098+0932156,10275098+0932156
2MASXJ10295135+0900385,10295135+0900385
2MASXJ10554775+0943276,10554775+0943276
2MASXJ11081969+0957025,11081969+0957025
2MASXJ12265135+0946388,12265135+0946388
2MASXJ12335762+0954575,12335762+0954575
2MASXJ12344354+0900170,12344354+0900170
2MASXJ12403550+0933181,12403550+0933181
2MASXJ13083967+0953094,13083967+0953094
2MASXJ13285020+0905162,13285020+0905162
2MASXJ13574945+0952237,13574945+0952237
2MASXJ14015904+0957088,14015904+0957088
2MASXJ14033124+0913151,14033124+0913151
2MASXJ14512794+0919188,14512794+0919188
2MASXJ16131565+0900540,16131565+0900540
2MASXJ16392878+0931413,16392878+0931413
2MASXJ17550617+0956003,17550617+0956003
2MASXJ17570141+0901525,17570141+0901525
2MASXJ20520867+0920580,0520867+0920580
2MASXJ23082151+0934081,3082151+0934081
2MASXJ23172031+0935216,3172031+0935216
2MASXJ23264401+0926456,3264401+0926456
2MASXJ23280092+0946503,3280092+0946503
2MASXJ23283126+0949083,3283126+0949083
2MASXJ23334758+0928276,3334758+0928276
2MASXJ23372596+0920381,3372596+0920381
2MASXJ23394917+0931525,3394917+0931525
2MASXJ23395937+0942265,3395937+0942265
2MASXJ23451235+0916455,3451235+0916455
2MASXJ23460612+0922229,3460612+0922229
2MASXJ23472739+0915548,3472739+0915548
2MASXJ00024069+0846251,00024069+0846251
2MASXJ00042126+0822348,00042126+0822348
2MASXJ00043232+0806175,00043232+0806175
2MASXJ00043477+0823415,00043477+0823415
2MASXJ00051242+0815202,00051242+0815202
2MASXJ00063963+0848295,00063963+0848295
2MASXJ00235721+0832063,00235721+0832063
2MASXJ00250153+0845171,00250153+0845171
2MASXJ00354687+0837473,00354687+0837473
2MASXJ00402109+0834328,00402109+0834328
2MASXJ00415137+0820454,00415137+0820454
2MASXJ00593670+0801414,00593670+0801414
2MASXJ01082447+0820552,01082447+0820552
2MASXJ01083020+0819222,01083020+0819222
2MASXJ02485354+0824208,02485354+0824208
2MASXJ09080540+0830385,09080540+0830385
2MASXJ09200864+0809007,09200864+0809007
2MASXJ10001132+0811189,10001132+0811189
2MASXJ10215543+0820190,10215543+0820190
2MASXJ10231421+0823463,10231421+0823463
2MASXJ10282540+0859004,10282540+0859004
2MASXJ10284739+0850367,10284739+0850367
2MASXJ10285130+0829077,10285130+0829077
2MASXJ10285811+0831177,10285811+0831177
2MASXJ10340734+0857332,10340734+0857332
2MASXJ11043263+0855041,11043263+0855041
2MASXJ11222124+0836494,11222124+0836494
2MASXJ12371138+0839294,12371138+0839294
2MASXJ12594204+0856121,12594204+0856121
2MASXJ12594865+0855581,12594865+0855581
2MASXJ13155146+0802196,13155146+0802196
2MASXJ13315821+0855456,13315821+0855456
2MASXJ13372542+0839432,13372542+0839432
2MASXJ14010892+0835016,14010892+0835016
2MASXJ14015923+0856158,14015923+0856158
2MASXJ14030442+0856513,14030442+0856513
2MASXJ14031275+0853441,14031275+0853441
2MASXJ15162157+0806042,15162157+0806042
2MASXJ15224787+0843064,15224787+0843064
2MASXJ15303431+0829295,15303431+0829295
2MASXJ15554654+0840313,15554654+0840313
2MASXJ16064185+0844368,16064185+0844368
2MASXJ16332761+0801122,16332761+0801122
2MASXJ17211376+0836516,17211376+0836516
2MASXJ17270071+0834528,17270071+0834528
2MASXJ20493051+0820412,0493051+0820412
2MASXJ20580156+0830109,0580156+0830109
2MASXJ20584621+0850219,0584621+0850219
2MASXJ21393838+0856406,1393838+0856406
2MASXJ22010331+0840596,010331+0840596
2MASXJ22054972+0837316,054972+0837316
2MASXJ22283203+0831112,83203+0831112
2MASXJ22351179+0810540,351179+0810540
2MASXJ22434269+0846369,434269+0846369
2MASXJ22435004+0840399,435004+0840399
2MASXJ22435126+0838119,435126+0838119
2MASXJ22472823+0813369,472823+0813369
2MASXJ22590917+0837151,590917+0837151
2MASXJ23365939+0854542,3365939+0854542
2MASXJ23493064+0847442,3493064+0847442
2MASXJ23581581+0815247,3581581+0815247
2MASXJ00253704+0728302,00253704+0728302
2MASXJ00435757+0715142,00435757+0715142
2MASXJ00540158+0723404,00540158+0723404
2MASXJ00570145+0719455,00570145+0719455
2MASXJ00570654+0733515,00570654+0733515
2MASXJ00571577+0715356,00571577+0715356
2MASXJ01010096+0753323,01010096+0753323
2MASXJ01010386+0715543,01010386+0715543
2MASXJ01045559+0741375,01045559+0741375
2MASXJ02173139+0726559,02173139+0726559
2MASXJ02181718+0753009,02181718+0753009
2MASXJ02242447+0758224,02242447+0758224
2MASXJ02355811+0727305,02355811+0727305
2MASXJ03162745+0750527,03162745+0750527
2MASXJ03424132+0740416,03424132+0740416
2MASXJ03535986+0715235,03535986+0715235
2MASXJ09163976+0715587,09163976+0715587
2MASXJ10113797+0711524,10113797+0711524
2MASXJ11001829+0721327,11001829+0721327
2MASXJ11002023+0735147,11002023+0735147
2MASXJ11084855+0700214,11084855+0700214
2MASXJ11122461+0729416,11122461+0729416
2MASXJ12524990+0707554,12524990+0707554
2MASXJ13194732+0732569,13194732+0732569
2MASXJ13323223+0717392,13323223+0717392
2MASXJ13351993+0728079,13351993+0728079
2MASXJ13575218+0724487,13575218+0724487
2MASXJ15285491+0744426,15285491+0744426
2MASXJ15292292+0758088,15292292+0758088
2MASXJ17544825+0755593,17544825+0755593
2MASXJ20534072+0700268,0534072+0700268
2MASXJ21044966+0747084,1044966+0747084
2MASXJ22203423+0728589,03423+0728589
2MASXJ22421431+0707549,421431+0707549
2MASXJ23090390+0731034,3090390+0731034
2MASXJ23254485+0703390,3254485+0703390
2MASXJ23263473+0742406,3263473+0742406
2MASXJ23274799+0716448,3274799+0716448
2MASXJ23324675+0749466,3324675+0749466
2MASXJ23493388+0737322,3493388+0737322
2MASXJ23542767+0727300,3542767+0727300
2MASXJ23583897+0756418,3583897+0756418
2MASXJ00012233+0625559,00012233+0625559
2MASXJ00083565+0658389,00083565+0658389
2MASXJ00382767+0639340,00382767+0639340
2MASXJ00391532+0624208,00391532+0624208
2MASXJ00404234+0651204,00404234+0651204
2MASXJ00405636+0637429,00405636+0637429
2MASXJ00552725+0644301,00552725+0644301
2MASXJ01012051+0654513,01012051+0654513
2MASXJ01065208+0611416,01065208+0611416
2MASXJ01073272+0620400,01073272+0620400
2MASXJ01092895+0604593,01092895+0604593
2MASXJ01223371+0646064,01223371+0646064
2MASXJ01572238+0646057,01572238+0646057
2MASXJ02082773+0623415,02082773+0623415
2MASXJ02414464+0633220,02414464+0633220
2MASXJ03032465+0645584,03032465+0645584
2MASXJ03090108+0637317,03090108+0637317
2MASXJ03124674+0635366,03124674+0635366
2MASXJ03140125+0631268,03140125+0631268
2MASXJ03191588+0643411,03191588+0643411
2MASXJ03372274+0629145,03372274+0629145
2MASXJ04044884+0646342,04044884+0646342
2MASXJ04123116+0635313,04123116+0635313
2MASXJ04123223+0619513,04123223+0619513
2MASXJ09180780+0658159,09180780+0658159
2MASXJ09210496+0611440,09210496+0611440
2MASXJ10315438+0646563,10315438+0646563
2MASXJ10331283+0644374,10331283+0644374
2MASXJ10343750+0640120,10343750+0640120
2MASXJ10343944+0638300,10343944+0638300
2MASXJ10400294+0601142,10400294+0601142
2MASXJ10411564+0621403,10411564+0621403
2MASXJ10462365+0637104,10462365+0637104
2MASXJ11171650+0611340,11171650+0611340
2MASXJ11262391+0604327,11262391+0604327
2MASXJ11371108+0635138,11371108+0635138
2MASXJ11463388+0640588,11463388+0640588
2MASXJ11503438+0645560,11503438+0645560
2MASXJ13021135+0630303,13021135+0630303
2MASXJ13093390+0622508,13093390+0622508
2MASXJ13102529+0620035,13102529+0620035
2MASXJ13164519+0633411,13164519+0633411
2MASXJ13510538+0651327,13510538+0651327
2MASXJ14532376+0652431,14532376+0652431
2MASXJ15131419+0647396,15131419+0647396
2MASXJ15160445+0650518,15160445+0650518
2MASXJ15174248+0630468,15174248+0630468
2MASXJ15191963+0611192,15191963+0611192
2MASXJ16300429+0635223,16300429+0635223
2MASXJ20481677+0638058,0481677+0638058
2MASXJ22485577+0603301,485577+0603301
2MASXJ23094445+0639455,3094445+0639455
2MASXJ23143515+0631301,3143515+0631301
2MASXJ23144481+0638221,3144481+0638221
2MASXJ23412391+0636298,3412391+0636298
2MASXJ23450915+0601035,3450915+0601035
2MASXJ23492758+0626562,3492758+0626562
2MASXJ23562166+0647182,3562166+0647182
2MASXJ00003209+0521439,00003209+0521439
2MASXJ00010730+0517511,00010730+0517511
2MASXJ00021080+0515340,00021080+0515340
2MASXJ00135036+0559434,00135036+0559434
2MASXJ00304569+0509490,00304569+0509490
2MASXJ00340571+0521078,00340571+0521078
2MASXJ02345906+0538006,02345906+0538006
2MASXJ02380715+0542120,02380715+0542120
2MASXJ02553917+0549297,02553917+0549297
2MASXJ03020856+0505095,03020856+0505095
2MASXJ03022335+0551455,03022335+0551455
2MASXJ03034069+0549292,03034069+0549292
2MASXJ03083197+0534538,03083197+0534538
2MASXJ03174374+0538493,03174374+0538493
2MASXJ03250774+0514056,03250774+0514056
2MASXJ03550796+0504535,03550796+0504535
2MASXJ08103080+0515368,08103080+0515368
2MASXJ08131279+0503052,08131279+0503052
2MASXJ09200289+0544085,09200289+0544085
2MASXJ09235547+0544293,09235547+0544293
2MASXJ10291021+0508228,10291021+0508228
2MASXJ10385172+0540123,10385172+0540123
2MASXJ10391616+0529133,10391616+0529133
2MASXJ11205683+0524585,11205683+0524585
2MASXJ11221042+0525028,11221042+0525028
2MASXJ12403249+0521206,12403249+0521206
2MASXJ12542098+0516579,12542098+0516579
2MASXJ13005727+0531572,13005727+0531572
2MASXJ13024433+0530246,13024433+0530246
2MASXJ13240961+0515353,13240961+0515353
2MASXJ13475076+0527308,13475076+0527308
2MASXJ13501127+0553306,13501127+0553306
2MASXJ13553592+0553050,13553592+0553050
2MASXJ14091099+0548273,14091099+0548273
2MASXJ15355366+0545570,15355366+0545570
2MASXJ22343478+0549025,343478+0549025
2MASXJ22430641+0527080,430641+0527080
2MASXJ22585476+0558526,585476+0558526
2MASXJ23051541+0537036,3051541+0537036
2MASXJ23092308+0545270,3092308+0545270
2MASXJ23100806+0543308,3100806+0543308
2MASXJ23244302+0556333,3244302+0556333
2MASXJ23322568+0550576,3322568+0550576
2MASXJ23584092+0551210,3584092+0551210
2MASXJ00010478+0432261,00010478+0432261
2MASXJ00034478+0417534,00034478+0417534
2MASXJ00192345+0414304,00192345+0414304
2MASXJ01204667+0422456,01204667+0422456
2MASXJ01313776+0426520,01313776+0426520
2MASXJ01351356+0414449,01351356+0414449
2MASXJ02233346+0440579,02233346+0440579
2MASXJ02283783+0418236,02283783+0418236
2MASXJ02310073+0446080,02310073+0446080
2MASXJ02324776+0447405,02324776+0447405
2MASXJ02361899+0417280,02361899+0417280
2MASXJ02365498+0412545,02365498+0412545
2MASXJ03202316+0408550,03202316+0408550
2MASXJ08224116+0415443,08224116+0415443
2MASXJ10183145+0449138,10183145+0449138
2MASXJ10223345+0412593,10223345+0412593
2MASXJ10272393+0420340,10272393+0420340
2MASXJ11010471+0429099,11010471+0429099
2MASXJ11214701+0407109,11214701+0407109
2MASXJ11220815+0441339,11220815+0441339
2MASXJ11222742+0417129,11222742+0417129
2MASXJ11271913+0417000,11271913+0417000
2MASXJ11545802+0439381,11545802+0439381
2MASXJ12014104+0446107,12014104+0446107
2MASXJ12022296+0419473,12022296+0419473
2MASXJ12212692+0452384,12212692+0452384
2MASXJ12432344+0411022,12432344+0411022
2MASXJ12444272+0404121,12444272+0404121
2MASXJ12473783+0431118,12473783+0431118
2MASXJ12550778+0402252,12550778+0402252
2MASXJ12570675+0435302,12570675+0435302
2MASXJ12582116+0453082,12582116+0453082
2MASXJ13063419+0408369,13063419+0408369
2MASXJ13072786+0445465,13072786+0445465
2MASXJ13173743+0429081,13173743+0429081
2MASXJ13242823+0446298,13242823+0446298
2MASXJ13262400+0427557,13262400+0427557
2MASXJ13330425+0458540,13330425+0458540
2MASXJ13444134+0456314,13444134+0456314
2MASXJ13584806+0454272,13584806+0454272
2MASXJ14000903+0404510,14000903+0404510
2MASXJ15391964+0452069,15391964+0452069
2MASXJ22462317+0432400,462317+0432400
2MASXJ22561699+0421584,561699+0421584
2MASXJ22562628+0415234,562628+0415234
2MASXJ22571828+0427529,571828+0427529
2MASXJ23011705+0452350,3011705+0452350
2MASXJ23271612+0446036,3271612+0446036
2MASXJ23502783+0406585,3502783+0406585
2MASXJ00155753+0329299,00155753+0329299
2MASXJ00504745+0306168,00504745+0306168
2MASXJ02240755+0312224,02240755+0312224
2MASXJ02241436+0316064,02241436+0316064
2MASXJ02315526+0307317,02315526+0307317
2MASXJ03015048+0332057,03015048+0332057
2MASXJ03172286+0311250,03172286+0311250
2MASXJ04180472+0318054,04180472+0318054
2MASXJ09033338+0322330,09033338+0322330
2MASXJ09033992+0322110,09033992+0322110
2MASXJ09040369+0335054,09040369+0335054
2MASXJ09291524+0319588,09291524+0319588
2MASXJ09484114+0322287,09484114+0322287
2MASXJ09514507+0316206,09514507+0316206
2MASXJ09561546+0346147,09561546+0346147
2MASXJ10520272+0309582,10520272+0309582
2MASXJ11043142+0343078,11043142+0343078
2MASXJ11045938+0302447,11045938+0302447
2MASXJ11052986+0339360,11052986+0339360
2MASXJ11173103+0301565,11173103+0301565
2MASXJ11192624+0312052,11192624+0312052
2MASXJ11223767+0307098,11223767+0307098
2MASXJ11235510+0305548,11235510+0305548
2MASXJ11245537+0310068,11245537+0310068
2MASXJ11250254+0328586,11250254+0328586
2MASXJ11260946+0329539,11260946+0329539
2MASXJ11293733+0309227,11293733+0309227
2MASXJ12435628+0336591,12435628+0336591
2MASXJ12512565+0351598,12512565+0351598
2MASXJ14030978+0358514,14030978+0358514
2MASXJ14393320+0313249,14393320+0313249
2MASXJ14530723+0332171,14530723+0332171
2MASXJ14535472+0301050,14535472+0301050
2MASXJ14540805+0312496,14540805+0312496
2MASXJ14583391+0331069,14583391+0331069
2MASXJ15051619+0305126,15051619+0305126
2MASXJ15052199+0309016,15052199+0309016
2MASXJ15133508+0331001,15133508+0331001
2MASXJ16081534+0307225,16081534+0307225
2MASXJ21132222+0313353,1132222+0313353
2MASXJ21335501+0305136,1335501+0305136
2MASXJ22341565+0335140,341565+0335140
2MASXJ22475641+0355283,475641+0355283
2MASXJ22480576+0355423,480576+0355423
2MASXJ22494771+0306045,494771+0306045
2MASXJ23054830+0332425,3054830+0332425
2MASXJ23211587+0354379,3211587+0354379
2MASXJ23284666+0330409,3284666+0330409
2MASXJ23351182+0334191,3351182+0334191
2MASXJ23531873+0343043,3531873+0343043
2MASXJ01082027+0217469,01082027+0217469
2MASXJ01105324+0237073,01105324+0237073
2MASXJ02033040+0233584,02033040+0233584
2MASXJ02231063+0259329,02231063+0259329
2MASXJ02302446+0212215,02302446+0212215
2MASXJ02315184+0203007,02315184+0203007
2MASXJ02354657+0234303,02354657+0234303
2MASXJ02384802+0213026,02384802+0213026
2MASXJ02392473+0243436,02392473+0243436
2MASXJ02463512+0207046,02463512+0207046
2MASXJ02553052+0216117,02553052+0216117
2MASXJ03191950+0232244,03191950+0232244
2MASXJ04015566+0254521,04015566+0254521
2MASXJ08572051+0255171,08572051+0255171
2MASXJ09095919+0244008,09095919+0244008
2MASXJ09294114+0212198,09294114+0212198
2MASXJ09294632+0203522,09294632+0203522
2MASXJ10332103+0236582,10332103+0236582
2MASXJ10495789+0224265,10495789+0224265
2MASXJ11203472+0248525,11203472+0248525
2MASXJ11234936+0242048,11234936+0242048
2MASXJ11245243+0224318,11245243+0224318
2MASXJ11251718+0226486,11251718+0226486
2MASXJ12185355+0259323,12185355+0259323
2MASXJ13165038+0259440,13165038+0259440
2MASXJ13393528+0223434,13393528+0223434
2MASXJ13415397+0204454,13415397+0204454
2MASXJ13464720+0207121,13464720+0207121
2MASXJ13503381+0213564,13503381+0213564
2MASXJ14011826+0259483,14011826+0259483
2MASXJ14461287+0218372,14461287+0218372
2MASXJ15083966+0258203,15083966+0258203
2MASXJ16023963+0259348,16023963+0259348
2MASXJ21224894+0207332,1224894+0207332
2MASXJ21312413+0229285,1312413+0229285
2MASXJ21530405+0228583,1530405+0228583
2MASXJ22105172+0206205,105172+0206205
2MASXJ22353739+0253283,353739+0253283
2MASXJ22354560+0257293,354560+0257293
2MASXJ22363730+0201520,363730+0201520
2MASXJ22384498+0256552,384498+0256552
2MASXJ22543862+0243055,543862+0243055
2MASXJ22593337+0237355,593337+0237355
2MASXJ23051361+0232576,3051361+0232576
2MASXJ01055506+0128406,01055506+0128406
2MASXJ01251108+0158570,01251108+0158570
2MASXJ02081376+0121007,02081376+0121007
2MASXJ02242927+0150281,02242927+0150281
2MASXJ02295777+0150561,02295777+0150561
2MASXJ02302633+0155115,02302633+0155115
2MASXJ02312015+0150085,02312015+0150085
2MASXJ02331843+0119126,02331843+0119126
2MASXJ02333157+0108236,02333157+0108236
2MASXJ02334480+0117356,02334480+0117356
2MASXJ02340500+0121058,02340500+0121058
2MASXJ02360987+0147169,02360987+0147169
2MASXJ02373294+0139069,02373294+0139069
2MASXJ02385356+0155123,02385356+0155123
2MASXJ02564117+0132326,02564117+0132326
2MASXJ03105684+0124562,03105684+0124562
2MASXJ03125707+0138442,03125707+0138442
2MASXJ03323745+0122569,03323745+0122569
2MASXJ08220513+0103515,08220513+0103515
2MASXJ09474019+0136009,09474019+0136009
2MASXJ09484711+0103117,09484711+0103117
2MASXJ09492289+0108437,09492289+0108437
2MASXJ10272503+0114300,10272503+0114300
2MASXJ10575260+0152038,10575260+0152038
2MASXJ10583696+0125173,10583696+0125173
2MASXJ10591073+0136222,10591073+0136222
2MASXJ11013147+0145269,11013147+0145269
2MASXJ11020728+0145478,11020728+0145478
2MASXJ11104340+0113396,11104340+0113396
2MASXJ11125425+0122165,11125425+0122165
2MASXJ11143859+0116414,11143859+0116414
2MASXJ11161204+0114189,11161204+0114189
2MASXJ11212726+0131522,11212726+0131522
2MASXJ11251432+0147546,11251432+0147546
2MASXJ11590521+0154362,11590521+0154362
2MASXJ12083125+0154339,12083125+0154339
2MASXJ12433356+0148371,12433356+0148371
2MASXJ12444025+0150551,12444025+0150551
2MASXJ13112823+0133316,13112823+0133316
2MASXJ13130864+0109121,13130864+0109121
2MASXJ13152158+0155394,13152158+0155394
2MASXJ13184008+0154510,13184008+0154510
2MASXJ13205612+0130134,13205612+0130134
2MASXJ14430777+0105599,14430777+0105599
2MASXJ15094044+0123098,15094044+0123098
2MASXJ15532795+0120539,15532795+0120539
2MASXJ20585913+0125174,0585913+0125174
2MASXJ21234622+0119191,1234622+0119191
2MASXJ21502408+0106591,1502408+0106591
2MASXJ22132207+0157502,132207+0157502
2MASXJ22422621+0111521,422621+0111521
2MASXJ22522047+0120462,522047+0120462
2MASXJ22564391+0151287,564391+0151287
2MASXJ23045467+0144116,3045467+0144116
2MASXJ23204954+0144202,3204954+0144202
2MASXJ23241975+0126293,3241975+0126293
2MASXJ23592217+0152330,3592217+0152330
2MASXJ01133302+0029486,01133302+0029486
2MASXJ01202949+0035084,01202949+0035084
2MASXJ01232514+0045191,01232514+0045191
2MASXJ01555034+0043196,01555034+0043196
2MASXJ03265015+0011549,03265015+0011549
2MASXJ03302529+0016253,03302529+0016253
2MASXJ03532619+0050302,03532619+0050302
2MASXJ04020235+0007401,04020235+0007401
2MASXJ09532024+0041515,09532024+0041515
2MASXJ09590714+0000385,09590714+0000385
2MASXJ10022251+0033307,10022251+0033307
2MASXJ10024578+0031505,10024578+0031505
2MASXJ10513224+0015262,10513224+0015262
2MASXJ11183584+0025112,11183584+0025112
2MASXJ14500368+0005506,14500368+0005506
2MASXJ14554464+0051583,14554464+0051583
2MASXJ15064862+0051244,15064862+0051244
2MASXJ15184998+0000391,15184998+0000391
2MASXJ17111998+0037410,17111998+0037410
2MASXJ17223101+0034128,17223101+0034128
2MASXJ17234483+0021132,17234483+0021132
2MASXJ21333130+0033282,1333130+0033282
2MASXJ21495842+0032427,1495842+0032427
2MASXJ21551240+0059062,1551240+0059062
2MASXJ23191902+0056446,3191902+0056446
2MASXJ00411949+1953163,00411949+1953163
2MASXJ00572106+1925339,00572106+1925339
2MASXJ01135301+1910367,01135301+1910367
2MASXJ01224119+1937512,01224119+1937512
2MASXJ01304332+1903405,01304332+1903405
2MASXJ01385224+1936401,01385224+1936401
2MASXJ02051814+1931063,02051814+1931063
2MASXJ02181870+1911091,02181870+1911091
2MASXJ02212535+1914117,02212535+1914117
2MASXJ02231504+1935549,02231504+1935549
2MASXJ02250061+1942091,02250061+1942091
2MASXJ02400173+1900265,02400173+1900265
2MASXJ02515159+1941475,02515159+1941475
2MASXJ03005912+1919232,03005912+1919232
2MASXJ03092323+1907132,03092323+1907132
2MASXJ03095493+1901553,03095493+1901553
2MASXJ03132512+1947311,03132512+1947311
2MASXJ04284932+1930097,04284932+1930097
2MASXJ08204524+1921444,08204524+1921444
2MASXJ08380962+1943319,08380962+1943319
2MASXJ08382562+1935079,08382562+1935079
2MASXJ08454269+1943326,08454269+1943326
2MASXJ08454439+1942336,08454439+1942336
2MASXJ08483017+1902378,08483017+1902378
2MASXJ08503375+1914415,08503375+1914415
2MASXJ08503460+1922095,08503460+1922095
2MASXJ08523702+1919534,08523702+1919534
2MASXJ09093741+1928078,09093741+1928078
2MASXJ09111312+1924005,09111312+1924005
2MASXJ09134382+1900501,09134382+1900501
2MASXJ09141922+1902018,09141922+1902018
2MASXJ09150276+1941491,09150276+1941491
2MASXJ10093039+1952397,10093039+1952397
2MASXJ10110792+1944292,10110792+1944292
2MASXJ10133097+1954392,10133097+1954392
2MASXJ10322139+1948147,10322139+1948147
2MASXJ10474364+1951470,10474364+1951470
2MASXJ10572962+1903053,10572962+1903053
2MASXJ11130490+1927344,11130490+1927344
2MASXJ11370959+1953527,11370959+1953527
2MASXJ11421476+1958350,11421476+1958350
2MASXJ11460303+1926138,11460303+1926138
2MASXJ12045508+1958552,12045508+1958552
2MASXJ12093135+1912346,12093135+1912346
2MASXJ12113804+1950428,12113804+1950428
2MASXJ13222939+1931369,13222939+1931369
2MASXJ13225024+1941266,13225024+1941266
2MASXJ14244493+1930197,14244493+1930197
2MASXJ14264638+1922226,14264638+1922226
2MASXJ14445421+1927533,14445421+1927533
2MASXJ15120426+1948591,15120426+1948591
2MASXJ16012567+1906055,16012567+1906055
2MASXJ16024029+1929135,16024029+1929135
2MASXJ16154214+1938150,16154214+1938150
2MASXJ17091568+1953244,17091568+1953244
2MASXJ17105728+1929562,17105728+1929562
2MASXJ21204130+1902245,1204130+1902245
2MASXJ23071360+1906233,3071360+1906233
2MASXJ23190854+1946547,3190854+1946547
2MASXJ23203448+1908460,3203448+1908460
2MASXJ23275335+1908231,3275335+1908231
2MASXJ23301927+1952048,3301927+1952048
2MASXJ23302533+1917578,3302533+1917578
2MASXJ00110293+1811582,00110293+1811582
2MASXJ01263037+1822079,01263037+1822079
2MASXJ02344656+1820502,02344656+1820502
2MASXJ02522438+1857282,02522438+1857282
2MASXJ03035369+1806536,03035369+1806536
2MASXJ03563152+1817111,03563152+1817111
2MASXJ07523897+1819180,07523897+1819180
2MASXJ07562318+1832030,07562318+1832030
2MASXJ08204363+1823524,08204363+1823524
2MASXJ08283447+1859233,08283447+1859233
2MASXJ08414123+1851365,08414123+1851365
2MASXJ08461028+1835045,08461028+1835045
2MASXJ08482467+1819518,08482467+1819518
2MASXJ08525658+1816400,08525658+1816400
2MASXJ08552285+1802089,08552285+1802089
2MASXJ09012615+1858231,09012615+1858231
2MASXJ09032963+1818248,09032963+1818248
2MASXJ09060030+1845525,09060030+1845525
2MASXJ09071231+1806536,09071231+1806536
2MASXJ09080615+1850563,09080615+1850563
2MASXJ09093498+1836564,09093498+1836564
2MASXJ09104815+1846425,09104815+1846425
2MASXJ09135342+1856302,09135342+1856302
2MASXJ09173411+1857081,09173411+1857081
2MASXJ09205858+1844389,09205858+1844389
2MASXJ09220767+1820026,09220767+1820026
2MASXJ10435013+1832424,10435013+1832424
2MASXJ10442104+1833184,10442104+1833184
2MASXJ11023008+1847063,11023008+1847063
2MASXJ11370666+1811377,11370666+1811377
2MASXJ14471257+1851330,14471257+1851330
2MASXJ14491676+1844379,14491676+1844379
2MASXJ16002782+1815500,16002782+1815500
2MASXJ16002919+1851080,16002919+1851080
2MASXJ16052745+1820266,16052745+1820266
2MASXJ16082913+1812447,16082913+1812447
2MASXJ22400737+1835344,400737+1835344
2MASXJ23095238+1858248,3095238+1858248
2MASXJ23184802+1852308,3184802+1852308
2MASXJ23194368+1852551,3194368+1852551
2MASXJ23265082+1805541,3265082+1805541
2MASXJ01193773+1735407,01193773+1735407
2MASXJ01251439+1718273,01251439+1718273
2MASXJ01443051+1706091,01443051+1706091
2MASXJ03124323+1704313,03124323+1704313
2MASXJ03154525+1701234,03154525+1701234
2MASXJ03415314+1749353,03415314+1749353
2MASXJ08092238+1745564,08092238+1745564
2MASXJ08241428+1719548,08241428+1719548
2MASXJ08464456+1745177,08464456+1745177
2MASXJ08592030+1723160,08592030+1723160
2MASXJ09024445+1742366,09024445+1742366
2MASXJ09041959+1717324,09041959+1717324
2MASXJ09065842+1757494,09065842+1757494
2MASXJ09160180+1749144,09160180+1749144
2MASXJ09163432+1755088,09163432+1755088
2MASXJ09551744+1741150,09551744+1741150
2MASXJ10545526+1742292,10545526+1742292
2MASXJ11055573+1720479,11055573+1720479
2MASXJ11324331+1708102,11324331+1708102
2MASXJ12005397+1753401,12005397+1753401
2MASXJ13052006+1755225,13052006+1755225
2MASXJ13505359+1703103,13505359+1703103
2MASXJ13521546+1717345,13521546+1717345
2MASXJ14233199+1726582,14233199+1726582
2MASXJ14283124+1714592,14283124+1714592
2MASXJ14342408+1748166,14342408+1748166
2MASXJ14383469+1746538,14383469+1746538
2MASXJ14511797+1734472,14511797+1734472
2MASXJ14523844+1710476,14523844+1710476
2MASXJ14540058+1713096,14540058+1713096
2MASXJ15545605+1722414,15545605+1722414
2MASXJ15584034+1703445,15584034+1703445
2MASXJ16052944+1755428,16052944+1755428
2MASXJ16063522+1753331,16063522+1753331
2MASXJ16072428+1739427,16072428+1739427
2MASXJ17291799+1733165,17291799+1733165
2MASXJ21230428+1712186,1230428+1712186
2MASXJ23222518+1757552,3222518+1757552
2MASXJ23233110+1725204,3233110+1725204
2MASXJ23243240+1759524,3243240+1759524
2MASXJ23251114+1746597,3251114+1746597
2MASXJ00544178+1624201,00544178+1624201
2MASXJ01173327+1659440,01173327+1659440
2MASXJ02060750+1653093,02060750+1653093
2MASXJ02344079+1652208,02344079+1652208
2MASXJ02502858+1622103,02502858+1622103
2MASXJ03162938+1653559,03162938+1653559
2MASXJ03503218+1615223,03503218+1615223
2MASXJ08005986+1640143,08005986+1640143
2MASXJ08204609+1638448,08204609+1638448
2MASXJ08213593+1629483,08213593+1629483
2MASXJ08411953+1654214,08411953+1654214
2MASXJ08481768+1657328,08481768+1657328
2MASXJ08563446+1648342,08563446+1648342
2MASXJ09024489+1656266,09024489+1656266
2MASXJ09075229+1614037,09075229+1614037
2MASXJ09141274+1644321,09141274+1644321
2MASXJ09165781+1618151,09165781+1618151
2MASXJ09174043+1625055,09174043+1625055
2MASXJ09184244+1628565,09184244+1628565
2MASXJ10255973+1643165,10255973+1643165
2MASXJ11083803+1644211,11083803+1644211
2MASXJ11085126+1641229,11085126+1641229
2MASXJ14272555+1611275,14272555+1611275
2MASXJ14280677+1641245,14280677+1641245
2MASXJ14343986+1626268,14343986+1626268
2MASXJ14345530+1603247,14345530+1603247
2MASXJ14350153+1623236,14350153+1623236
2MASXJ14442618+1647325,14442618+1647325
2MASXJ14530447+1642057,14530447+1642057
2MASXJ14531063+1659517,14531063+1659517
2MASXJ14552971+1627465,14552971+1627465
2MASXJ14593644+1644320,14593644+1644320
2MASXJ15013630+1643473,15013630+1643473
2MASXJ15450149+1655260,15450149+1655260
2MASXJ16001836+1625299,16001836+1625299
2MASXJ16005391+1653505,16005391+1653505
2MASXJ16020177+1626071,16020177+1626071
2MASXJ16030984+1608195,16030984+1608195
2MASXJ16040440+1628472,16040440+1628472
2MASXJ16071043+1634331,16071043+1634331
2MASXJ16443073+1619473,16443073+1619473
2MASXJ17133485+1602593,17133485+1602593
2MASXJ20591765+1609179,0591765+1609179
2MASXJ21034031+1652197,1034031+1652197
2MASXJ21090210+1659410,1090210+1659410
2MASXJ22150864+1625551,150864+1625551
2MASXJ22223673+1644114,3673+1644114
2MASXJ23180754+1603390,3180754+1603390
2MASXJ23193541+1612292,3193541+1612292
2MASXJ23273591+1639155,3273591+1639155
2MASXJ02403943+1542143,02403943+1542143
2MASXJ02494064+1519563,02494064+1519563
2MASXJ03393800+1544396,03393800+1544396
2MASXJ03444269+1544117,03444269+1544117
2MASXJ03560128+1510113,03560128+1510113
2MASXJ03570952+1521324,03570952+1521324
2MASXJ03572616+1505463,03572616+1505463
2MASXJ03584522+1514160,03584522+1514160
2MASXJ03585587+1517400,03585587+1517400
2MASXJ04030348+1515062,04030348+1515062
2MASXJ04083734+1553139,04083734+1553139
2MASXJ04100695+1539222,04100695+1539222
2MASXJ05404189+1530110,05404189+1530110
2MASXJ07594014+1523122,07594014+1523122
2MASXJ08013724+1542355,08013724+1542355
2MASXJ09092254+1547458,09092254+1547458
2MASXJ09132256+1549392,09132256+1549392
2MASXJ09145450+1541272,09145450+1541272
2MASXJ09511951+1544543,09511951+1544543
2MASXJ10100811+1540537,10100811+1540537
2MASXJ10230418+1528335,10230418+1528335
2MASXJ12355259+1522234,12355259+1522234
2MASXJ13151042+1532454,13151042+1532454
2MASXJ13273495+1511212,13273495+1511212
2MASXJ14005078+1543572,14005078+1543572
2MASXJ14253297+1557303,14253297+1557303
2MASXJ14263659+1524068,14263659+1524068
2MASXJ15353768+1544202,15353768+1544202
2MASXJ16021181+1555052,16021181+1555052
2MASXJ16452019+1536145,16452019+1536145
2MASXJ16595083+1520277,16595083+1520277
2MASXJ21371833+1554446,1371833+1554446
2MASXJ22172473+1513015,172473+1513015
2MASXJ23185822+1551519,3185822+1551519
2MASXJ23251420+1514417,3251420+1514417
2MASXJ00004789+1416390,00004789+1416390
2MASXJ01114615+1458403,01114615+1458403
2MASXJ02491020+1436036,02491020+1436036
2MASXJ03394002+1437236,03394002+1437236
2MASXJ03394369+1406375,03394369+1406375
2MASXJ03594341+1441488,03594341+1441488
2MASXJ07544438+1436251,07544438+1436251
2MASXJ07580133+1442095,07580133+1442095
2MASXJ09022278+1431315,09022278+1431315
2MASXJ09025302+1426016,09025302+1426016
2MASXJ09435542+1450281,09435542+1450281
2MASXJ10053610+1433371,10053610+1433371
2MASXJ10061352+1442072,10061352+1442072
2MASXJ10171545+1455096,10171545+1455096
2MASXJ10193013+1423022,10193013+1423022
2MASXJ12000440+1412125,12000440+1412125
2MASXJ12251257+1402219,12251257+1402219
2MASXJ13361328+1453444,13361328+1453444
2MASXJ14070061+1452527,14070061+1452527
2MASXJ14351443+1427165,14351443+1427165
2MASXJ14394818+1444424,14394818+1444424
2MASXJ14534574+1430545,14534574+1430545
2MASXJ16024473+1450249,16024473+1450249
2MASXJ16482185+1457163,16482185+1457163
2MASXJ16570860+1444580,16570860+1444580
2MASXJ21420145+1419071,1420145+1419071
2MASXJ22362589+1401263,362589+1401263
2MASXJ23240714+1450069,3240714+1450069
2MASXJ23250059+1458507,3250059+1458507
2MASXJ00014524+1306020,00014524+1306020
2MASXJ01225421+1307386,01225421+1307386
2MASXJ02052852+1315054,02052852+1315054
2MASXJ03591070+1329495,03591070+1329495
2MASXJ04031846+1312350,04031846+1312350
2MASXJ04034656+1325589,04034656+1325589
2MASXJ04040597+1317031,04040597+1317031
2MASXJ04041194+1323420,04041194+1323420
2MASXJ04055515+1345549,04055515+1345549
2MASXJ05451322+1313151,05451322+1313151
2MASXJ09010916+1311457,09010916+1311457
2MASXJ09030776+1341496,09030776+1341496
2MASXJ09043703+1333144,09043703+1333144
2MASXJ09284418+1349155,09284418+1349155
2MASXJ09344553+1348571,09344553+1348571
2MASXJ09372090+1348179,09372090+1348179
2MASXJ09560472+1324377,09560472+1324377
2MASXJ09585991+1303081,09585991+1303081
2MASXJ09590662+1301351,09590662+1301351
2MASXJ09590895+1303521,09590895+1303521
2MASXJ09593210+1343582,09593210+1343582
2MASXJ10014857+1346318,10014857+1346318
2MASXJ10022640+1356329,10022640+1356329
2MASXJ10051724+1359041,10051724+1359041
2MASXJ10212589+1300310,10212589+1300310
2MASXJ10221945+1303226,10221945+1303226
2MASXJ11062667+1333172,11062667+1333172
2MASXJ11074208+1306165,11074208+1306165
2MASXJ13555894+1351407,13555894+1351407
2MASXJ14274258+1354246,14274258+1354246
2MASXJ14344457+1318118,14344457+1318118
2MASXJ14404168+1328482,14404168+1328482
2MASXJ14464776+1341420,14464776+1341420
2MASXJ15373811+1328204,15373811+1328204
2MASXJ16481471+1354163,16481471+1354163
2MASXJ16575446+1329508,16575446+1329508
2MASXJ23150787+1310142,3150787+1310142
2MASXJ23572199+1307113,3572199+1307113
2MASXJ00021916+1258176,00021916+1258176
2MASXJ01571980+1215022,01571980+1215022
2MASXJ02394417+1223168,02394417+1223168
2MASXJ02402120+1250353,02402120+1250353
2MASXJ04023049+1235362,04023049+1235362
2MASXJ08412467+1205168,08412467+1205168
2MASXJ08580071+1253133,08580071+1253133
2MASXJ10131250+1239271,10131250+1239271
2MASXJ10194126+1250348,10194126+1250348
2MASXJ10233140+1249455,10233140+1249455
2MASXJ10325301+1205337,10325301+1205337
2MASXJ10505457+1257067,10505457+1257067
2MASXJ11123698+1206176,11123698+1206176
2MASXJ11480887+1254524,11480887+1254524
2MASXJ12035735+1241296,12035735+1241296
2MASXJ12581809+1223270,12581809+1223270
2MASXJ13054573+1203089,13054573+1203089
2MASXJ13212860+1220171,13212860+1220171
2MASXJ13414338+1244056,13414338+1244056
2MASXJ14042076+1200577,14042076+1200577
2MASXJ14395290+1222184,14395290+1222184
2MASXJ14400521+1219218,14400521+1219218
2MASXJ14481119+1235594,14481119+1235594
2MASXJ14541860+1229457,14541860+1229457
2MASXJ14570312+1216026,14570312+1216026
2MASXJ15392130+1219555,15392130+1219555
2MASXJ16002263+1245280,16002263+1245280
2MASXJ16024884+1239048,16024884+1239048
2MASXJ22515465+1246307,515465+1246307
2MASXJ22580873+1228284,580873+1228284
2MASXJ23555365+1211241,3555365+1211241
2MASXJ03490547+1127045,03490547+1127045
2MASXJ03532908+1144463,03532908+1144463
2MASXJ03570762+1123175,03570762+1123175
2MASXJ09015449+1140333,09015449+1140333
2MASXJ09083759+1142567,09083759+1142567
2MASXJ09364995+1145034,09364995+1145034
2MASXJ09592936+1112029,09592936+1112029
2MASXJ10003962+1156484,10003962+1156484
2MASXJ10011426+1127430,10011426+1127430
2MASXJ10015235+1104193,10015235+1104193
2MASXJ10052746+1107151,10052746+1107151
2MASXJ10261377+1102324,10261377+1102324
2MASXJ10280909+1102184,10280909+1102184
2MASXJ10380179+1157088,10380179+1157088
2MASXJ10545192+1108083,10545192+1108083
2MASXJ11010180+1102487,11010180+1102487
2MASXJ11591217+1130195,11591217+1130195
2MASXJ13115600+1105479,13115600+1105479
2MASXJ14031209+1143112,14031209+1143112
2MASXJ15221619+1108536,15221619+1108536
2MASXJ16403638+1147545,16403638+1147545
2MASXJ21370231+1154228,1370231+1154228
2MASXJ21514415+1134309,1514415+1134309
2MASXJ23414828+1118202,3414828+1118202
2MASXJ00041299+1047258,00041299+1047258
2MASXJ00494131+1001274,00494131+1001274
2MASXJ01234744+1050299,01234744+1050299
2MASXJ01253432+1007527,01253432+1007527
2MASXJ02490692+1006393,02490692+1006393
2MASXJ03430087+1022585,03430087+1022585
2MASXJ03511233+1042192,03511233+1042192
2MASXJ09294917+1028019,09294917+1028019
2MASXJ09400474+1056579,09400474+1056579
2MASXJ09495158+1025552,09495158+1025552
2MASXJ09531190+1024577,09531190+1024577
2MASXJ09590512+1021399,09590512+1021399
2MASXJ10035679+1030285,10035679+1030285
2MASXJ10225196+1044598,10225196+1044598
2MASXJ10254305+1057215,10254305+1057215
2MASXJ10280292+1046304,10280292+1046304
2MASXJ10301546+1047394,10301546+1047394
2MASXJ10521175+1008226,10521175+1008226
2MASXJ10523344+1001085,10523344+1001085
2MASXJ10594312+1027451,10594312+1027451
2MASXJ12180950+1056552,12180950+1056552
2MASXJ12192941+1020256,12192941+1020256
2MASXJ12401660+1031064,12401660+1031064
2MASXJ12545766+1041083,12545766+1041083
2MASXJ13592030+1008212,13592030+1008212
2MASXJ15522878+1006415,15522878+1006415
2MASXJ16072191+1021578,16072191+1021578
2MASXJ16075348+1016098,16075348+1016098
2MASXJ16343985+1037193,16343985+1037193
2MASXJ16363297+1015115,16363297+1015115
2MASXJ17592677+1013574,17592677+1013574
2MASXJ21532867+1007281,1532867+1007281
2MASXJ23153994+1009461,3153994+1009461
2MASXJ23181015+1015038,3181015+1015038
2MASXJ23185077+1030090,3185077+1030090
2MASXJ23192263+1054105,3192263+1054105
2MASXJ23220716+1018202,3220716+1018202
2MASXJ23225709+1031565,3225709+1031565
2MASXJ23225846+1052135,3225846+1052135
2MASXJ00220545+2909520,00220545+2909520
2MASXJ00382319+2928214,00382319+2928214
2MASXJ00413760+2912096,00413760+2912096
2MASXJ00452186+2949405,00452186+2949405
2MASXJ00471276+2908110,00471276+2908110
2MASXJ00532664+2916134,00532664+2916134
2MASXJ01474596+2933295,01474596+2933295
2MASXJ02023454+2914176,02023454+2914176
2MASXJ02080890+2915217,02080890+2915217
2MASXJ02115740+2918495,02115740+2918495
2MASXJ07440911+2914506,07440911+2914506
2MASXJ08132917+2902136,08132917+2902136
2MASXJ08190616+2920126,08190616+2920126
2MASXJ08242242+2951501,08242242+2951501
2MASXJ08424539+2923592,08424539+2923592
2MASXJ08514857+2916462,08514857+2916462
2MASXJ09084752+2951531,09084752+2951531
2MASXJ09251735+2929311,09251735+2929311
2MASXJ09491647+2915496,09491647+2915496
2MASXJ10042107+2943266,10042107+2943266
2MASXJ10171828+2914341,10171828+2914341
2MASXJ10490099+2953148,10490099+2953148
2MASXJ10560931+2940139,10560931+2940139
2MASXJ11013286+2938079,11013286+2938079
2MASXJ11102960+2926287,11102960+2926287
2MASXJ11150175+2909199,11150175+2909199
2MASXJ11455835+2919571,11455835+2919571
2MASXJ11594259+2947129,11594259+2947129
2MASXJ12123501+2949390,12123501+2949390
2MASXJ12534859+2935179,12534859+2935179
2MASXJ12565112+2922408,12565112+2922408
2MASXJ12570157+2903448,12570157+2903448
2MASXJ12581821+2907437,12581821+2907437
2MASXJ13003953+2901096,13003953+2901096
2MASXJ13014385+2955367,13014385+2955367
2MASXJ13061725+2903471,13061725+2903471
2MASXJ13085502+2902274,13085502+2902274
2MASXJ13091603+2922034,13091603+2922034
2MASXJ13150191+2910494,13150191+2910494
2MASXJ13153485+2940338,13153485+2940338
2MASXJ13415456+2940579,13415456+2940579
2MASXJ13430140+2913060,13430140+2913060
2MASXJ14245992+2917068,14245992+2917068
2MASXJ14472534+2954476,14472534+2954476
2MASXJ15434487+2925465,15434487+2925465
2MASXJ17040744+2954518,17040744+2954518
2MASXJ00071561+2821051,00071561+2821051
2MASXJ00111422+2854233,00111422+2854233
2MASXJ00352317+2807355,00352317+2807355
2MASXJ00480865+2836497,00480865+2836497
2MASXJ00484526+2803189,00484526+2803189
2MASXJ01444689+2854094,01444689+2854094
2MASXJ01451727+2824480,01451727+2824480
2MASXJ01504271+2846541,01504271+2846541
2MASXJ02003521+2813310,02003521+2813310
2MASXJ02075909+2852079,02075909+2852079
2MASXJ02160337+2857240,02160337+2857240
2MASXJ07481096+2813492,07481096+2813492
2MASXJ08021861+2846479,08021861+2846479
2MASXJ08353516+2809156,08353516+2809156
2MASXJ08364918+2840078,08364918+2840078
2MASXJ09511363+2821298,09511363+2821298
2MASXJ10033177+2813161,10033177+2813161
2MASXJ10033434+2815411,10033434+2815411
2MASXJ10044175+2821240,10044175+2821240
2MASXJ10181877+2801065,10181877+2801065
2MASXJ10530602+2834116,10530602+2834116
2MASXJ11104649+2841338,11104649+2841338
2MASXJ11123496+2802287,11123496+2802287
2MASXJ11290129+2849146,11290129+2849146
2MASXJ11355716+2811485,11355716+2811485
2MASXJ11495611+2858563,11495611+2858563
2MASXJ12121670+2818114,12121670+2818114
2MASXJ12224321+2804373,12224321+2804373
2MASXJ12285930+2851430,12285930+2851430
2MASXJ12391143+2800184,12391143+2800184
2MASXJ12510174+2855401,12510174+2855401
2MASXJ12510889+2847171,12510889+2847171
2MASXJ12545366+2825015,12545366+2825015
2MASXJ12554777+2815215,12554777+2815215
2MASXJ12561096+2809470,12561096+2809470
2MASXJ12580552+2814335,12580552+2814335
2MASXJ13012507+2840376,13012507+2840376
2MASXJ13021282+2812529,13021282+2812529
2MASXJ13032529+2800504,13032529+2800504
2MASXJ13055345+2806447,13055345+2806447
2MASXJ13082728+2819139,13082728+2819139
2MASXJ13085419+2811015,13085419+2811015
2MASXJ13482291+2859063,13482291+2859063
2MASXJ13570368+2808054,13570368+2808054
2MASXJ14071962+2805367,14071962+2805367
2MASXJ14135646+2843184,14135646+2843184
2MASXJ14285041+2842107,14285041+2842107
2MASXJ14291660+2849189,14291660+2849189
2MASXJ14340519+2801218,14340519+2801218
2MASXJ15120412+2825142,15120412+2825142
2MASXJ15434439+2831165,15434439+2831165
2MASXJ16123406+2819086,16123406+2819086
2MASXJ17064626+2813474,17064626+2813474
2MASXJ23073082+2813264,3073082+2813264
2MASXJ00073935+2733122,00073935+2733122
2MASXJ00242157+2747207,00242157+2747207
2MASXJ00471856+2749398,00471856+2749398
2MASXJ00480148+2737257,00480148+2737257
2MASXJ01112119+2755430,01112119+2755430
2MASXJ01400428+2740171,01400428+2740171
2MASXJ01430802+2745022,01430802+2745022
2MASXJ01472484+2753085,01472484+2753085
2MASXJ01483522+2732532,01483522+2732532
2MASXJ01501400+2738444,01501400+2738444
2MASXJ01582694+2701348,01582694+2701348
2MASXJ02024804+2740477,02024804+2740477
2MASXJ02044371+2708153,02044371+2708153
2MASXJ02100337+2707427,02100337+2707427
2MASXJ02262608+2739152,02262608+2739152
2MASXJ02303951+2709321,02303951+2709321
2MASXJ07250149+2719270,07250149+2719270
2MASXJ07470489+2756507,07470489+2756507
2MASXJ08012854+2716392,08012854+2716392
2MASXJ08070551+2707336,08070551+2707336
2MASXJ09073983+2712123,09073983+2712123
2MASXJ09140032+2714487,09140032+2714487
2MASXJ09171680+2744486,09171680+2744486
2MASXJ09184757+2757231,09184757+2757231
2MASXJ09325869+2729597,09325869+2729597
2MASXJ09405986+2746146,09405986+2746146
2MASXJ09514650+2732455,09514650+2732455
2MASXJ10040445+2714006,10040445+2714006
2MASXJ10100923+2734324,10100923+2734324
2MASXJ10132945+2730402,10132945+2730402
2MASXJ10203435+2751257,10203435+2751257
2MASXJ10210038+2714164,10210038+2714164
2MASXJ10500866+2719139,10500866+2719139
2MASXJ10535036+2704310,10535036+2704310
2MASXJ10543863+2725550,10543863+2725550
2MASXJ11103886+2713518,11103886+2713518
2MASXJ11111669+2715443,11111669+2715443
2MASXJ11182838+2752243,11182838+2752243
2MASXJ12543321+2737575,12543321+2737575
2MASXJ12545516+2724455,12545516+2724455
2MASXJ12572525+2724168,12572525+2724168
2MASXJ12574616+2745254,12574616+2745254
2MASXJ12583518+2735467,12583518+2735467
2MASXJ12590526+2738399,12590526+2738399
2MASXJ12592016+2753098,12592016+2753098
2MASXJ12594132+2739347,12594132+2739347
2MASXJ13001780+2723152,13001780+2723152
2MASXJ13003568+2734266,13003568+2734266
2MASXJ13005609+2747268,13005609+2747268
2MASXJ13012613+2753095,13012613+2753095
2MASXJ13063640+2752231,13063640+2752231
2MASXJ13174520+2734111,13174520+2734111
2MASXJ13341215+2700115,13341215+2700115
2MASXJ15301224+2708025,15301224+2708025
2MASXJ15354188+2722309,15354188+2722309
2MASXJ15592961+2744080,15592961+2744080
2MASXJ16422071+2727413,16422071+2727413
2MASXJ17013249+2756293,17013249+2756293
2MASXJ17020097+2745331,17020097+2745331
2MASXJ00064016+2609164,00064016+2609164
2MASXJ00104915+2626013,00104915+2626013
2MASXJ00173026+2615342,00173026+2615342
2MASXJ00491295+2600429,00491295+2600429
2MASXJ01204616+2648216,01204616+2648216
2MASXJ01331560+2614556,01331560+2614556
2MASXJ02063592+2606276,02063592+2606276
2MASXJ02065397+2616446,02065397+2616446
2MASXJ02110568+2654542,02110568+2654542
2MASXJ02235802+2614499,02235802+2614499
2MASXJ02261518+2606233,02261518+2606233
2MASXJ02274641+2635222,02274641+2635222
2MASXJ02284905+2644496,02284905+2644496
2MASXJ02360580+2601370,02360580+2601370
2MASXJ02560412+2643338,02560412+2643338
2MASXJ09172911+2635597,09172911+2635597
2MASXJ09355977+2640261,09355977+2640261
2MASXJ09381122+2644113,09381122+2644113
2MASXJ09394754+2624168,09394754+2624168
2MASXJ09411001+2612438,09411001+2612438
2MASXJ09540780+2625034,09540780+2625034
2MASXJ09591449+2605382,09591449+2605382
2MASXJ10062587+2604564,10062587+2604564
2MASXJ10180967+2613433,10180967+2613433
2MASXJ10463681+2647229,10463681+2647229
2MASXJ11092029+2619101,11092029+2619101
2MASXJ11140979+2646581,11140979+2646581
2MASXJ11401539+2638513,11401539+2638513
2MASXJ11435369+2610594,11435369+2610594
2MASXJ12521177+2652292,12521177+2652292
2MASXJ12562784+2659150,12562784+2659150
2MASXJ12565116+2653558,12565116+2653558
2MASXJ12565229+2629158,12565229+2629158
2MASXJ13030596+2631524,13030596+2631524
2MASXJ13042824+2640192,13042824+2640192
2MASXJ14104307+2644470,14104307+2644470
2MASXJ14530534+2627327,14530534+2627327
2MASXJ15271824+2640283,15271824+2640283
2MASXJ16253017+2600251,16253017+2600251
2MASXJ16410291+2609044,16410291+2609044
2MASXJ17003993+2647370,17003993+2647370
2MASXJ00120064+2513572,00120064+2513572
2MASXJ00121201+2524162,00121201+2524162
2MASXJ00342741+2559511,00342741+2559511
2MASXJ00355825+2540545,00355825+2540545
2MASXJ00361933+2548267,00361933+2548267
2MASXJ00412801+2529576,00412801+2529576
2MASXJ00462671+2537167,00462671+2537167
2MASXJ01484497+2553092,01484497+2553092
2MASXJ02083871+2518436,02083871+2518436
2MASXJ02103650+2551246,02103650+2551246
2MASXJ02112289+2549479,02112289+2549479
2MASXJ02130502+2535310,02130502+2535310
2MASXJ02161077+2514130,02161077+2514130
2MASXJ02223741+2556233,02223741+2556233
2MASXJ02273247+2540073,02273247+2540073
2MASXJ02284069+2545253,02284069+2545253
2MASXJ08363619+2508129,08363619+2508129
2MASXJ09484416+2529469,09484416+2529469
2MASXJ09532729+2541010,09532729+2541010
2MASXJ10391243+2523428,10391243+2523428
2MASXJ10395370+2510094,10395370+2510094
2MASXJ10530759+2539346,10530759+2539346
2MASXJ10565206+2537293,10565206+2537293
2MASXJ11020114+2536573,11020114+2536573
2MASXJ12080821+2501581,12080821+2501581
2MASXJ12203006+2530553,12203006+2530553
2MASXJ12221498+2557051,12221498+2557051
2MASXJ13404543+2557188,13404543+2557188
2MASXJ13485258+2540408,13485258+2540408
2MASXJ13524113+2501019,13524113+2501019
2MASXJ14115944+2522233,14115944+2522233
2MASXJ14221000+2505490,14221000+2505490
2MASXJ14430259+2509081,14430259+2509081
2MASXJ15235955+2558373,15235955+2558373
2MASXJ15282286+2558406,15282286+2558406
2MASXJ15392800+2544115,15392800+2544115
2MASXJ15431312+2502088,15431312+2502088
2MASXJ16302648+2527354,16302648+2527354
2MASXJ16552786+2513473,16552786+2513473
2MASXJ17031492+2502024,17031492+2502024
2MASXJ17053566+2533563,17053566+2533563
2MASXJ17060227+2553127,17060227+2553127
2MASXJ23183834+2513585,3183834+2513585
2MASXJ23223462+2552574,3223462+2552574
2MASXJ00470038+2435410,00470038+2435410
2MASXJ00492621+2401430,00492621+2401430
2MASXJ00493529+2436501,00493529+2436501
2MASXJ00502566+2431142,00502566+2431142
2MASXJ01434834+2414276,01434834+2414276
2MASXJ01452959+2450260,01452959+2450260
2MASXJ01454626+2455115,01454626+2455115
2MASXJ01481188+2455270,01481188+2455270
2MASXJ02102519+2420197,02102519+2420197
2MASXJ02164967+2418073,02164967+2418073
2MASXJ02230835+2444471,02230835+2444471
2MASXJ02251635+2415531,02251635+2415531
2MASXJ02254552+2446400,02254552+2446400
2MASXJ02265656+2444547,02265656+2444547
2MASXJ02284720+2459386,02284720+2459386
2MASXJ02314191+2417208,02314191+2417208
2MASXJ02354971+2427261,02354971+2427261
2MASXJ06241069+2423002,06241069+2423002
2MASXJ07270514+2402476,07270514+2402476
2MASXJ09092233+2414437,09092233+2414437
2MASXJ09131185+2441220,09131185+2441220
2MASXJ09342733+2413327,09342733+2413327
2MASXJ10222026+2424391,10222026+2424391
2MASXJ10594095+2442503,10594095+2442503
2MASXJ11222635+2417567,11222635+2417567
2MASXJ11240512+2436559,11240512+2436559
2MASXJ11320733+2458587,11320733+2458587
2MASXJ11392915+2449430,11392915+2449430
2MASXJ11553087+2456400,11553087+2456400
2MASXJ12144244+2458504,12144244+2458504
2MASXJ12215219+2421165,12215219+2421165
2MASXJ12321167+2401553,12321167+2401553
2MASXJ13292708+2433516,13292708+2433516
2MASXJ14112903+2402191,14112903+2402191
2MASXJ14213545+2417533,14213545+2417533
2MASXJ14221527+2402440,14221527+2402440
2MASXJ15002185+2440261,15002185+2440261
2MASXJ15400604+2423352,15400604+2423352
2MASXJ15402953+2437148,15402953+2437148
2MASXJ16262196+2450597,16262196+2450597
2MASXJ16291754+2451292,16291754+2451292
2MASXJ18134306+2418242,18134306+2418242
2MASXJ22020525+2415321,020525+2415321
2MASXJ22081803+2429443,081803+2429443
2MASXJ23130984+2414384,3130984+2414384
2MASXJ23135799+2453428,3135799+2453428
2MASXJ00380389+2301276,00380389+2301276
2MASXJ00383214+2336475,00383214+2336475
2MASXJ00393031+2304220,00393031+2304220
2MASXJ00424899+2329246,00424899+2329246
2MASXJ01374780+2319425,01374780+2319425
2MASXJ01460485+2344533,01460485+2344533
2MASXJ02201593+2327556,02201593+2327556
2MASXJ02210637+2336011,02210637+2336011
2MASXJ02234740+2353122,02234740+2353122
2MASXJ02283980+2300442,02283980+2300442
2MASXJ02283993+2347472,02283993+2347472
2MASXJ02295985+2302410,02295985+2302410
2MASXJ02320024+2345212,02320024+2345212
2MASXJ07250166+2346597,07250166+2346597
2MASXJ08375573+2300446,08375573+2300446
2MASXJ09101137+2307177,09101137+2307177
2MASXJ09271001+2304181,09271001+2304181
2MASXJ09273945+2307101,09273945+2307101
2MASXJ09422675+2339141,09422675+2339141
2MASXJ10095170+2314193,10095170+2314193
2MASXJ10225434+2353194,10225434+2353194
2MASXJ10391287+2347269,10391287+2347269
2MASXJ10411567+2343042,10411567+2343042
2MASXJ10482061+2343040,10482061+2343040
2MASXJ11564809+2359221,11564809+2359221
2MASXJ12045385+2344382,12045385+2344382
2MASXJ12062601+2333015,12062601+2333015
2MASXJ12161209+2350319,12161209+2350319
2MASXJ13593959+2320094,13593959+2320094
2MASXJ15110086+2336339,15110086+2336339
2MASXJ15135534+2304162,15135534+2304162
2MASXJ15144096+2306124,15144096+2306124
2MASXJ16333229+2318434,16333229+2318434
2MASXJ17433514+2338055,17433514+2338055
2MASXJ23000969+2333567,3000969+2333567
2MASXJ23100281+2312218,3100281+2312218
2MASXJ23272963+2339011,3272963+2339011
2MASXJ00475630+2222225,00475630+2222225
2MASXJ01320313+2205206,01320313+2205206
2MASXJ01465995+2244376,01465995+2244376
2MASXJ01473367+2202495,01473367+2202495
2MASXJ02173083+2217481,02173083+2217481
2MASXJ02260987+2251064,02260987+2251064
2MASXJ02282885+2209558,02282885+2209558
2MASXJ02300520+2246186,02300520+2246186
2MASXJ08432345+2247246,08432345+2247246
2MASXJ08450242+2236122,08450242+2236122
2MASXJ09044720+2201421,09044720+2201421
2MASXJ09052877+2236082,09052877+2236082
2MASXJ09064702+2250052,09064702+2250052
2MASXJ09071665+2257046,09071665+2257046
2MASXJ09141773+2216318,09141773+2216318
2MASXJ10322286+2242337,10322286+2242337
2MASXJ10465648+2243463,10465648+2243463
2MASXJ10483411+2232379,10483411+2232379
2MASXJ11301534+2259311,11301534+2259311
2MASXJ11374490+2219300,11374490+2219300
2MASXJ12142348+2237021,12142348+2237021
2MASXJ13470365+2245334,13470365+2245334
2MASXJ14534079+2227344,14534079+2227344
2MASXJ16204420+2238007,16204420+2238007
2MASXJ18040462+2202142,18040462+2202142
2MASXJ22593130+2247567,593130+2247567
2MASXJ23300362+2253178,3300362+2253178
2MASXJ00412988+2158503,00412988+2158503
2MASXJ00444341+2146236,00444341+2146236
2MASXJ01314662+2117208,01314662+2117208
2MASXJ01323837+2121335,01323837+2121335
2MASXJ01441721+2119352,01441721+2119352
2MASXJ02162031+2121247,02162031+2121247
2MASXJ02170225+2131580,02170225+2131580
2MASXJ02185839+2115586,02185839+2115586
2MASXJ02235350+2125282,02235350+2125282
2MASXJ02333078+2147098,02333078+2147098
2MASXJ02335408+2104244,02335408+2104244
2MASXJ02353276+2129533,02353276+2129533
2MASXJ02520040+2125344,02520040+2125344
2MASXJ03015878+2159407,03015878+2159407
2MASXJ05175727+2120115,05175727+2120115
2MASXJ08300254+2129184,08300254+2129184
2MASXJ08354406+2135315,08354406+2135315
2MASXJ09081155+2159574,09081155+2159574
2MASXJ09301664+2121500,09301664+2121500
2MASXJ09433746+2146583,09433746+2146583
2MASXJ10091136+2107473,10091136+2107473
2MASXJ10222110+2113245,10222110+2113245
2MASXJ10263622+2139016,10263622+2139016
2MASXJ10311616+2120497,10311616+2120497
2MASXJ10324697+2112568,10324697+2112568
2MASXJ11103425+2134467,11103425+2134467
2MASXJ11284125+2150486,11284125+2150486
2MASXJ11300144+2107241,11300144+2107241
2MASXJ11350838+2113461,11350838+2113461
2MASXJ11504398+2111034,11504398+2111034
2MASXJ11505685+2111500,11505685+2111500
2MASXJ12024842+2108439,12024842+2108439
2MASXJ12130781+2129375,12130781+2129375
2MASXJ12190529+2106326,12190529+2106326
2MASXJ13511308+2159056,13511308+2159056
2MASXJ13521728+2107551,13521728+2107551
2MASXJ14041860+2105207,14041860+2105207
2MASXJ14361246+2151490,14361246+2151490
2MASXJ14572774+2113001,14572774+2113001
2MASXJ15423653+2107454,15423653+2107454
2MASXJ23181453+2157365,3181453+2157365
2MASXJ23181784+2102308,3181784+2102308
2MASXJ23231379+2115537,3231379+2115537
2MASXJ02164578+2011097,02164578+2011097
2MASXJ02212109+2038201,02212109+2038201
2MASXJ02300624+2011526,02300624+2011526
2MASXJ02334418+2026384,02334418+2026384
2MASXJ02334702+2038234,02334702+2038234
2MASXJ02351012+2051052,02351012+2051052
2MASXJ02501398+2021313,02501398+2021313
2MASXJ07515731+2012227,07515731+2012227
2MASXJ08155921+2029513,08155921+2029513
2MASXJ08245188+2059282,08245188+2059282
2MASXJ08411138+2044591,08411138+2044591
2MASXJ08463183+2050495,08463183+2050495
2MASXJ08511977+2020383,08511977+2020383
2MASXJ08513087+2030183,08513087+2030183
2MASXJ08555714+2036229,08555714+2036229
2MASXJ08572404+2042378,08572404+2042378
2MASXJ08575494+2007133,08575494+2007133
2MASXJ09050450+2047252,09050450+2047252
2MASXJ09073534+2024512,09073534+2024512
2MASXJ09102905+2034016,09102905+2034016
2MASXJ09171230+2009138,09171230+2009138
2MASXJ09174977+2044401,09174977+2044401
2MASXJ09182738+2024245,09182738+2024245
2MASXJ09184564+2044184,09184564+2044184
2MASXJ09471973+2018381,09471973+2018381
2MASXJ09475597+2022206,09475597+2022206
2MASXJ09532220+2026551,09532220+2026551
2MASXJ10315065+2055320,10315065+2055320
2MASXJ10453915+2044465,10453915+2044465
2MASXJ11005631+2041095,11005631+2041095
2MASXJ11043486+2004497,11043486+2004497
2MASXJ11263093+2052439,11263093+2052439
2MASXJ11415244+2014567,11415244+2014567
2MASXJ11420823+2042027,11420823+2042027
2MASXJ11435706+2022383,11435706+2022383
2MASXJ11435805+2048233,11435805+2048233
2MASXJ11454884+2037428,11454884+2037428
2MASXJ12051528+2018388,12051528+2018388
2MASXJ13564063+2010172,13564063+2010172
2MASXJ14135370+2058445,14135370+2058445
2MASXJ14395649+2016490,14395649+2016490
2MASXJ15154833+2001213,15154833+2001213
2MASXJ15214868+2045524,15214868+2045524
2MASXJ16043590+2007283,16043590+2007283
2MASXJ16242176+2026142,16242176+2026142
2MASXJ21253046+2030082,1253046+2030082
2MASXJ21253466+2030352,1253466+2030352
2MASXJ23020199+2049080,3020199+2049080
2MASXJ23023866+2019005,3023866+2019005
2MASXJ23045522+2054118,3045522+2054118
2MASXJ23192037+2038111,3192037+2038111
2MASXJ23230906+2003597,3230906+2003597
2MASXJ23262126+2032489,3262126+2032489
2MASXJ01073274+3924004,01073274+3924004
2MASXJ02314005+3922421,02314005+3922421
2MASXJ07124751+3956044,07124751+3956044
2MASXJ08082031+3901253,08082031+3901253
2MASXJ08364527+3950066,08364527+3950066
2MASXJ08395843+3946194,08395843+3946194
2MASXJ08435728+3936188,08435728+3936188
2MASXJ09320968+3930171,09320968+3930171
2MASXJ09555934+3954392,09555934+3954392
2MASXJ10403967+3903557,10403967+3903557
2MASXJ10503793+3908222,10503793+3908222
2MASXJ10504129+3952491,10504129+3952491
2MASXJ11133699+3941133,11133699+3941133
2MASXJ12355647+3950108,12355647+3950108
2MASXJ12582961+3956088,12582961+3956088
2MASXJ13015555+3952238,13015555+3952238
2MASXJ13043532+3958386,13043532+3958386
2MASXJ13345005+3936172,13345005+3936172
2MASXJ16252604+3952143,16252604+3952143
2MASXJ16334964+3915478,16334964+3915478
2MASXJ16363253+3901408,16363253+3901408
2MASXJ16435262+3959005,16435262+3959005
2MASXJ17140662+3934200,17140662+3934200
2MASXJ17224943+3938220,17224943+3938220
2MASXJ00491125+3806514,00491125+3806514
2MASXJ02284905+3810005,02284905+3810005
2MASXJ02302760+3821472,02302760+3821472
2MASXJ09402800+3821576,09402800+3821576
2MASXJ10160583+3806334,10160583+3806334
2MASXJ10190242+3822289,10190242+3822289
2MASXJ10194857+3806069,10194857+3806069
2MASXJ10472715+3838215,10472715+3838215
2MASXJ10531517+3840207,10531517+3840207
2MASXJ11271895+3839520,11271895+3839520
2MASXJ12391235+3809186,12391235+3809186
2MASXJ13573559+3847577,13573559+3847577
2MASXJ16272863+3852087,16272863+3852087
2MASXJ17105782+3821367,17105782+3821367
2MASXJ17203558+3811326,17203558+3811326
2MASXJ02193668+3737347,02193668+3737347
2MASXJ02202086+3751184,02202086+3751184
2MASXJ02413595+3713360,02413595+3713360
2MASXJ05470629+3758003,05470629+3758003
2MASXJ08431278+3732173,08431278+3732173
2MASXJ08531142+3708062,08531142+3708062
2MASXJ08560592+3747474,08560592+3747474
2MASXJ09023035+3759214,09023035+3759214
2MASXJ09084760+3730056,09084760+3730056
2MASXJ09094781+3742280,09094781+3742280
2MASXJ09582367+3759231,09582367+3759231
2MASXJ10043845+3704366,10043845+3704366
2MASXJ10082361+3750299,10082361+3750299
2MASXJ10082457+3728579,10082457+3728579
2MASXJ10085494+3739297,10085494+3739297
2MASXJ10424250+3750005,10424250+3750005
2MASXJ12321559+3731415,12321559+3731415
2MASXJ13185125+3721327,13185125+3721327
2MASXJ14085939+3722573,14085939+3722573
2MASXJ14151157+3704389,14151157+3704389
2MASXJ15345592+3735515,15345592+3735515
2MASXJ16200955+3747535,16200955+3747535
2MASXJ16225969+3756564,16225969+3756564
2MASXJ17130121+3757555,17130121+3757555
2MASXJ02261430+3659121,02261430+3659121
2MASXJ02522273+3644066,02522273+3644066
2MASXJ08272945+3600218,08272945+3600218
2MASXJ10001667+3608001,10001667+3608001
2MASXJ10010312+3637070,10010312+3637070
2MASXJ10011233+3651050,10011233+3651050
2MASXJ10041822+3605544,10041822+3605544
2MASXJ10170628+3652290,10170628+3652290
2MASXJ10183368+3613263,10183368+3613263
2MASXJ11393128+3609184,11393128+3609184
2MASXJ12340124+3652047,12340124+3652047
2MASXJ13042219+3615428,13042219+3615428
2MASXJ13210310+3647014,13210310+3647014
2MASXJ13244696+3643088,13244696+3643088
2MASXJ13350566+3643201,13350566+3643201
2MASXJ14225569+3604264,14225569+3604264
2MASXJ14313951+3655161,14313951+3655161
2MASXJ14391063+3605393,14391063+3605393
2MASXJ16062978+3640545,16062978+3640545
2MASXJ17232321+3630097,17232321+3630097
2MASXJ17250642+3616146,17250642+3616146
2MASXJ00061962+3546099,00061962+3546099
2MASXJ00070656+3549052,00070656+3549052
2MASXJ01015227+3521211,01015227+3521211
2MASXJ02010897+3538179,02010897+3538179
2MASXJ02421257+3543570,02421257+3543570
2MASXJ07082133+3510123,07082133+3510123
2MASXJ07140387+3516455,07140387+3516455
2MASXJ07312646+3557323,07312646+3557323
2MASXJ07373524+3536205,07373524+3536205
2MASXJ08330563+3506553,08330563+3506553
2MASXJ09271011+3517273,09271011+3517273
2MASXJ10070509+3506243,10070509+3506243
2MASXJ10130578+3516553,10130578+3516553
2MASXJ11252587+3526339,11252587+3526339
2MASXJ11262142+3527250,11262142+3527250
2MASXJ11572262+3505159,11572262+3505159
2MASXJ12020465+3519173,12020465+3519173
2MASXJ12021027+3513543,12021027+3513543
2MASXJ12111090+3540525,12111090+3540525
2MASXJ12265056+3524228,12265056+3524228
2MASXJ13025659+3540052,13025659+3540052
2MASXJ13335414+3551438,13335414+3551438
2MASXJ13460389+3531134,13460389+3531134
2MASXJ14074719+3541292,14074719+3541292
2MASXJ14175668+3543532,14175668+3543532
2MASXJ14211739+3530338,14211739+3530338
2MASXJ14302551+3519159,14302551+3519159
2MASXJ14562303+3528119,14562303+3528119
2MASXJ16060696+3558531,16060696+3558531
2MASXJ01281877+3418313,01281877+3418313
2MASXJ01491809+3458063,01491809+3458063
2MASXJ02481616+3425111,02481616+3425111
2MASXJ07481899+3419557,07481899+3419557
2MASXJ07500441+3428461,07500441+3428461
2MASXJ09383625+3436311,09383625+3436311
2MASXJ09393606+3440288,09393606+3440288
2MASXJ09440561+3404531,09440561+3404531
2MASXJ09505336+3431134,09505336+3431134
2MASXJ10182791+3437360,10182791+3437360
2MASXJ10520488+3438515,10520488+3438515
2MASXJ11025927+3455396,11025927+3455396
2MASXJ11272708+3457287,11272708+3457287
2MASXJ13350761+3417433,13350761+3417433
2MASXJ16045644+3435458,16045644+3435458
2MASXJ00163333+3357212,00163333+3357212
2MASXJ00571843+3348048,00571843+3348048
2MASXJ01103658+3307351,01103658+3307351
2MASXJ01111746+3306502,01111746+3306502
2MASXJ01154856+3342198,01154856+3342198
2MASXJ01210294+3353542,01210294+3353542
2MASXJ01221131+3326313,01221131+3326313
2MASXJ01222353+3348541,01222353+3348541
2MASXJ01225533+3310261,01225533+3310261
2MASXJ01231161+3331452,01231161+3331452
2MASXJ01242680+3347585,01242680+3347585
2MASXJ01540762+3331322,01540762+3331322
2MASXJ07234346+3326312,07234346+3326312
2MASXJ08362280+3327383,08362280+3327383
2MASXJ09031880+3325560,09031880+3325560
2MASXJ09074626+3310005,09074626+3310005
2MASXJ09285552+3322476,09285552+3322476
2MASXJ09313324+3336206,09313324+3336206
2MASXJ09383277+3350272,09383277+3350272
2MASXJ10312791+3358352,10312791+3358352
2MASXJ10382410+3340028,10382410+3340028
2MASXJ11212085+3333537,11212085+3333537
2MASXJ11220538+3321017,11220538+3321017
2MASXJ11440431+3332340,11440431+3332340
2MASXJ12061203+3318222,12061203+3318222
2MASXJ12084242+3337549,12084242+3337549
2MASXJ13232571+3332325,13232571+3332325
2MASXJ13261599+3335414,13261599+3335414
2MASXJ13273010+3323322,13273010+3323322
2MASXJ14065473+3306391,14065473+3306391
2MASXJ14284710+3323157,14284710+3323157
2MASXJ17040208+3353268,17040208+3353268
2MASXJ00171423+3243246,00171423+3243246
2MASXJ00425403+3234516,00425403+3234516
2MASXJ00564811+3215218,00564811+3215218
2MASXJ01071567+3231131,01071567+3231131
2MASXJ01091403+3209048,01091403+3209048
2MASXJ01241095+3245585,01241095+3245585
2MASXJ01290294+3219559,01290294+3219559
2MASXJ01313761+3259220,01313761+3259220
2MASXJ01362511+3222590,01362511+3222590
2MASXJ01510090+3253533,01510090+3253533
2MASXJ02013498+3224510,02013498+3224510
2MASXJ02112032+3203223,02112032+3203223
2MASXJ02431055+3215570,02431055+3215570
2MASXJ02433294+3215099,02433294+3215099
2MASXJ02442522+3221000,02442522+3221000
2MASXJ09134772+3252361,09134772+3252361
2MASXJ09283029+3228006,09283029+3228006
2MASXJ09573920+3240401,09573920+3240401
2MASXJ11114843+3223239,11114843+3223239
2MASXJ11551455+3245536,11551455+3245536
2MASXJ12370137+3206296,12370137+3206296
2MASXJ13171860+3255436,13171860+3255436
2MASXJ13264674+3259164,13264674+3259164
2MASXJ13291966+3200174,13291966+3200174
2MASXJ13323584+3254425,13323584+3254425
2MASXJ13325047+3224025,13325047+3224025
2MASXJ13584083+3234533,13584083+3234533
2MASXJ13594012+3242304,13594012+3242304
2MASXJ14352751+3208537,14352751+3208537
2MASXJ15034124+3218553,15034124+3218553
2MASXJ15062421+3225507,15062421+3225507
2MASXJ17021521+3209093,17021521+3209093
2MASXJ00463920+3142582,00463920+3142582
2MASXJ00512940+3139120,00512940+3139120
2MASXJ01080296+3140298,01080296+3140298
2MASXJ01111852+3153192,01111852+3153192
2MASXJ01242538+3123325,01242538+3123325
2MASXJ01291366+3145457,01291366+3145457
2MASXJ01422750+3138280,01422750+3138280
2MASXJ01573614+3157452,01573614+3157452
2MASXJ01574214+3127466,01574214+3127466
2MASXJ02022896+3128199,02022896+3128199
2MASXJ02103391+3125170,02103391+3125170
2MASXJ08270480+3113464,08270480+3113464
2MASXJ08435106+3112371,08435106+3112371
2MASXJ08570514+3108002,08570514+3108002
2MASXJ09325115+3141448,09325115+3141448
2MASXJ10260854+3127391,10260854+3127391
2MASXJ10412049+3140390,10412049+3140390
2MASXJ11033952+3151291,11033952+3151291
2MASXJ11070678+3116351,11070678+3116351
2MASXJ11094892+3113444,11094892+3113444
2MASXJ11205203+3127368,11205203+3127368
2MASXJ11253553+3139579,11253553+3139579
2MASXJ12054544+3103313,12054544+3103313
2MASXJ12062818+3104262,12062818+3104262
2MASXJ12102882+3124293,12102882+3124293
2MASXJ12184682+3101271,12184682+3101271
2MASXJ12234765+3115422,12234765+3115422
2MASXJ12353753+3157285,12353753+3157285
2MASXJ12570285+3137324,12570285+3137324
2MASXJ13242088+3101046,13242088+3101046
2MASXJ14012726+3138472,14012726+3138472
2MASXJ14075961+3138453,14075961+3138453
2MASXJ14220233+3144586,14220233+3144586
2MASXJ14530437+3104063,14530437+3104063
2MASXJ15425756+3131321,15425756+3131321
2MASXJ16153781+3119166,16153781+3119166
2MASXJ17003465+3110438,17003465+3110438
2MASXJ17033964+3126000,17033964+3126000
2MASXJ00230624+3040274,00230624+3040274
2MASXJ00340041+3003265,00340041+3003265
2MASXJ00430184+3017195,00430184+3017195
2MASXJ00435689+3033571,00435689+3033571
2MASXJ01422370+3019460,01422370+3019460
2MASXJ01433731+3031083,01433731+3031083
2MASXJ01511086+3029173,01511086+3029173
2MASXJ02093426+3043139,02093426+3043139
2MASXJ08263204+3010524,08263204+3010524
2MASXJ08282280+3021233,08282280+3021233
2MASXJ08341409+3014590,08341409+3014590
2MASXJ08401923+3011403,08401923+3011403
2MASXJ08593403+3055027,08593403+3055027
2MASXJ09000487+3045262,09000487+3045262
2MASXJ09114663+3040364,09114663+3040364
2MASXJ09125088+3012448,09125088+3012448
2MASXJ09341087+3056576,09341087+3056576
2MASXJ10414154+3044307,10414154+3044307
2MASXJ11125751+3010283,11125751+3010283
2MASXJ11384556+3042194,11384556+3042194
2MASXJ11390294+3016255,11390294+3016255
2MASXJ12054926+3003534,12054926+3003534
2MASXJ12302626+3037348,12302626+3037348
2MASXJ13403623+3019050,13403623+3019050
2MASXJ13440931+3008594,13440931+3008594
2MASXJ13551285+3023068,13551285+3023068
2MASXJ14052415+3044401,14052415+3044401
2MASXJ14092262+3023148,14092262+3023148
2MASXJ14291170+3004379,14291170+3004379
2MASXJ14291797+3049559,14291797+3049559
2MASXJ14430188+3002013,14430188+3002013
2MASXJ14485180+3004396,14485180+3004396
2MASXJ16003061+3022376,16003061+3022376
2MASXJ16070581+3013034,16070581+3013034
2MASXJ16072024+3028468,16072024+3028468
2MASXJ16231801+3015474,16231801+3015474
2MASXJ17012702+3025468,17012702+3025468
2MASXJ17032984+3035360,17032984+3035360
2MASXJ22430515+3038472,430515+3038472
2MASXJ08335954+4931465,08335954+4931465
2MASXJ09005080+4919145,09005080+4919145
2MASXJ09143131+4916573,09143131+4916573
2MASXJ19043697+4938300,19043697+4938300
2MASXJ19214919+4921232,19214919+4921232
2MASXJ19390117+4907207,19390117+4907207
2MASXJ19482493+4919518,19482493+4919518
2MASXJ09055372+4849126,09055372+4849126
2MASXJ10213930+4800577,10213930+4800577
2MASXJ11224278+4857203,11224278+4857203
2MASXJ11313845+4829204,11313845+4829204
2MASXJ11321036+4859404,11321036+4859404
2MASXJ11334676+4806578,11334676+4806578
2MASXJ19402825+4854555,19402825+4854555
2MASXJ00000168+4716282,00000168+4716282
2MASXJ00201167+4728401,00201167+4728401
2MASXJ01571097+4715588,01571097+4715588
2MASXJ08164133+4736476,08164133+4736476
2MASXJ08462021+4709233,08462021+4709233
2MASXJ09055268+4709471,09055268+4709471
2MASXJ10194945+4738002,10194945+4738002
2MASXJ10200740+4755282,10200740+4755282
2MASXJ11075128+4750550,11075128+4750550
2MASXJ13144834+4721059,13144834+4721059
2MASXJ13174787+4720501,13174787+4720501
2MASXJ19131415+4707154,19131415+4707154
2MASXJ19302020+4707577,19302020+4707577
2MASXJ19442063+4736172,19442063+4736172
2MASXJ08495817+4628382,08495817+4628382
2MASXJ10375735+4614402,10375735+4614402
2MASXJ10403537+4611231,10403537+4611231
2MASXJ10545612+4613518,10545612+4613518
2MASXJ11205320+4649091,11205320+4649091
2MASXJ11343310+4609583,11343310+4609583
2MASXJ11404843+4627566,11404843+4627566
2MASXJ12232525+4607499,12232525+4607499
2MASXJ12271391+4632017,12271391+4632017
2MASXJ14090749+4647099,14090749+4647099
2MASXJ15392857+4658590,15392857+4658590
2MASXJ17394441+4615421,17394441+4615421
2MASXJ18590298+4641497,18590298+4641497
2MASXJ19121883+4615088,19121883+4615088
2MASXJ19305818+4642440,19305818+4642440
2MASXJ19454834+4604320,19454834+4604320
2MASXJ08024817+4502041,08024817+4502041
2MASXJ08044132+4547151,08044132+4547151
2MASXJ08152958+4538033,08152958+4538033
2MASXJ09165103+4542030,09165103+4542030
2MASXJ11402606+4505353,11402606+4505353
2MASXJ12412464+4502444,12412464+4502444
2MASXJ12421791+4527192,12421791+4527192
2MASXJ12552389+4525061,12552389+4525061
2MASXJ14562053+4516275,14562053+4516275
2MASXJ15414443+4559165,15414443+4559165
2MASXJ02121230+4434060,02121230+4434060
2MASXJ10460723+4443284,10460723+4443284
2MASXJ10521951+4410222,10521951+4410222
2MASXJ10571925+4401029,10571925+4401029
2MASXJ11003697+4405509,11003697+4405509
2MASXJ11044733+4401178,11044733+4401178
2MASXJ11275123+4437094,11275123+4437094
2MASXJ12383057+4428446,12383057+4428446
2MASXJ13113402+4455588,13113402+4455588
2MASXJ13315610+4408256,13315610+4408256
2MASXJ16304133+4430489,16304133+4430489
2MASXJ00363560+4348498,00363560+4348498
2MASXJ00580787+4302434,00580787+4302434
2MASXJ01190196+4330420,01190196+4330420
2MASXJ02222936+4353328,02222936+4353328
2MASXJ08384448+4332516,08384448+4332516
2MASXJ08574179+4307389,08574179+4307389
2MASXJ09095786+4351045,09095786+4351045
2MASXJ09141302+4308061,09141302+4308061
2MASXJ09164681+4342450,09164681+4342450
2MASXJ09265798+4323329,09265798+4323329
2MASXJ10254976+4342252,10254976+4342252
2MASXJ10470039+4336535,10470039+4336535
2MASXJ10525255+4325425,10525255+4325425
2MASXJ12191850+4314127,12191850+4314127
2MASXJ17401697+4321456,17401697+4321456
2MASXJ17562369+4323269,17562369+4323269
2MASXJ18442779+4310039,18442779+4310039
2MASXJ19055096+4354336,19055096+4354336
2MASXJ19085132+4322423,19085132+4322423
2MASXJ19162819+4355312,19162819+4355312
2MASXJ19184085+4335442,19184085+4335442
2MASXJ19223665+4355156,19223665+4355156
2MASXJ01263438+4222352,01263438+4222352
2MASXJ02185415+4234396,02185415+4234396
2MASXJ02194553+4243145,02194553+4243145
2MASXJ02270191+4248487,02270191+4248487
2MASXJ08305752+4212306,08305752+4212306
2MASXJ08342768+4200201,08342768+4200201
2MASXJ08531900+4240432,08531900+4240432
2MASXJ09154457+4215585,09154457+4215585
2MASXJ10204763+4252019,10204763+4252019
2MASXJ12200187+4236596,12200187+4236596
2MASXJ12382172+4212196,12382172+4212196
2MASXJ12444998+4221231,12444998+4221231
2MASXJ12451814+4224371,12451814+4224371
2MASXJ12452883+4250526,12452883+4250526
2MASXJ12455610+4202476,12455610+4202476
2MASXJ13220992+4203247,13220992+4203247
2MASXJ16032208+4252258,16032208+4252258
2MASXJ17584208+4224445,17584208+4224445
2MASXJ18142586+4205179,18142586+4205179
2MASXJ18423717+4209356,18423717+4209356
2MASXJ18472695+4259333,18472695+4259333
2MASXJ18571045+4211499,18571045+4211499
2MASXJ19004942+4216440,19004942+4216440
2MASXJ19240313+4220196,19240313+4220196
2MASXJ19324688+4249582,19324688+4249582
2MASXJ02383202+4131452,02383202+4131452
2MASXJ08155396+4116556,08155396+4116556
2MASXJ08215035+4152353,08215035+4152353
2MASXJ08270119+4132028,08270119+4132028
2MASXJ08491306+4110275,08491306+4110275
2MASXJ08585021+4134483,08585021+4134483
2MASXJ09064161+4148513,09064161+4148513
2MASXJ10582209+4138147,10582209+4138147
2MASXJ12201613+4138525,12201613+4138525
2MASXJ13320734+4120563,13320734+4120563
2MASXJ13422886+4113427,13422886+4113427
2MASXJ16234047+4106157,16234047+4106157
2MASXJ16254096+4101414,16254096+4101414
2MASXJ16381382+4155519,16381382+4155519
2MASXJ17194450+4148137,17194450+4148137
2MASXJ17512091+4140159,17512091+4140159
2MASXJ17532529+4103040,17532529+4103040
2MASXJ17591914+4153013,17591914+4153013
2MASXJ18152436+4133268,18152436+4133268
2MASXJ18405886+4149247,18405886+4149247
2MASXJ19025904+4123164,19025904+4123164
2MASXJ19293320+4118181,19293320+4118181
2MASXJ02275788+4033032,02275788+4033032
2MASXJ09001565+4017483,09001565+4017483
2MASXJ09030216+4026022,09030216+4026022
2MASXJ09044802+4035304,09044802+4035304
2MASXJ09141843+4021529,09141843+4021529
2MASXJ09210838+4004507,09210838+4004507
2MASXJ09242285+4040566,09242285+4040566
2MASXJ09465981+4037091,09465981+4037091
2MASXJ09483841+4030436,09483841+4030436
2MASXJ09541988+4006377,09541988+4006377
2MASXJ10543904+4032044,10543904+4032044
2MASXJ11053857+4043225,11053857+4043225
2MASXJ12180192+4022585,12180192+4022585
2MASXJ12394512+4014492,12394512+4014492
2MASXJ12443060+4044127,12443060+4044127
2MASXJ12480514+4043104,12480514+4043104
2MASXJ14143324+4045228,14143324+4045228
2MASXJ15391513+4008428,15391513+4008428
2MASXJ15461699+4038452,15461699+4038452
2MASXJ16485857+4000417,16485857+4000417
2MASXJ17193164+4017066,17193164+4017066
2MASXJ17194481+4047407,17194481+4047407
2MASXJ19541800+4056251,19541800+4056251
2MASXJ19565376+4021092,19565376+4021092
2MASXJ11490400+5925580,11490400+5925580
2MASXJ12554712+5921523,12554712+5921523
2MASXJ11184831+5836337,11184831+5836337
2MASXJ11354129+5819257,11354129+5819257
2MASXJ13261669+5840599,13261669+5840599
2MASXJ14065083+5800503,14065083+5800503
2MASXJ09275371+5722316,09275371+5722316
2MASXJ09322512+5728588,09322512+5728588
2MASXJ10505236+5735064,10505236+5735064
2MASXJ11300353+5718295,11300353+5718295
2MASXJ13311479+5747581,13311479+5747581
2MASXJ08184949+5617451,08184949+5617451
2MASXJ08220566+5625347,08220566+5625347
2MASXJ09233654+5603171,09233654+5603171
2MASXJ11130988+5658342,11130988+5658342
2MASXJ11311811+5608125,11311811+5608125
2MASXJ11343283+5630270,11343283+5630270
2MASXJ11445536+5602223,11445536+5602223
2MASXJ12043650+5606478,12043650+5606478
2MASXJ13593324+5602283,13593324+5602283
2MASXJ17000791+5606364,17000791+5606364
2MASXJ08013634+5519391,08013634+5519391
2MASXJ08234901+5521491,08234901+5521491
2MASXJ08281135+5525499,08281135+5525499
2MASXJ08282059+5539599,08282059+5539599
2MASXJ08383573+5538249,08383573+5538249
2MASXJ08402890+5536001,08402890+5536001
2MASXJ09200366+5555523,09200366+5555523
2MASXJ09255956+5541114,09255956+5541114
2MASXJ09394161+5536311,09394161+5536311
2MASXJ10021854+5519022,10021854+5519022
2MASXJ10041582+5551319,10041582+5551319
2MASXJ11375364+5559411,11375364+5559411
2MASXJ12262515+5549423,12262515+5549423
2MASXJ14101648+5505436,14101648+5505436
2MASXJ16221080+5502542,16221080+5502542
2MASXJ09190022+5452021,09190022+5452021
2MASXJ09290885+5441008,09290885+5441008
2MASXJ09415581+5417043,09415581+5417043
2MASXJ09444697+5438458,09444697+5438458
2MASXJ09462902+5438413,09462902+5438413
2MASXJ09500369+5429058,09500369+5429058
2MASXJ10011593+5442546,10011593+5442546
2MASXJ10041354+5407489,10041354+5407489
2MASXJ11395453+5457456,11395453+5457456
2MASXJ14082201+5449078,14082201+5449078
2MASXJ14120432+5430354,14120432+5430354
2MASXJ14133630+5438131,14133630+5438131
2MASXJ15302775+5432320,15302775+5432320
2MASXJ16014258+5411162,16014258+5411162
2MASXJ08164735+5319261,08164735+5319261
2MASXJ08403369+5343350,08403369+5343350
2MASXJ09455487+5353136,09455487+5353136
2MASXJ09471779+5349188,09471779+5349188
2MASXJ09542146+5339061,09542146+5339061
2MASXJ09543052+5310092,09543052+5310092
2MASXJ10060434+5342529,10060434+5342529
2MASXJ10083726+5336402,10083726+5336402
2MASXJ13025648+5358549,13025648+5358549
2MASXJ08411442+5211439,08411442+5211439
2MASXJ09254531+5223514,09254531+5223514
2MASXJ09520843+5207300,09520843+5207300
2MASXJ09530506+5210367,09530506+5210367
2MASXJ16020551+5233168,16020551+5233168
2MASXJ16183069+5209481,16183069+5209481
2MASXJ09052438+5127368,09052438+5127368
2MASXJ09081322+5139069,09081322+5139069
2MASXJ09100638+5154429,09100638+5154429
2MASXJ09145835+5121392,09145835+5121392
2MASXJ09315998+5122539,09315998+5122539
2MASXJ09335688+5131449,09335688+5131449
2MASXJ13241807+5115013,13241807+5115013
2MASXJ13445920+5101255,13445920+5101255
2MASXJ16053057+5124071,16053057+5124071
2MASXJ17162072+5114070,17162072+5114070
2MASXJ17313728+5143126,17313728+5143126
2MASXJ19143565+5151157,19143565+5151157
2MASXJ19221675+5144553,19221675+5144553
2MASXJ08145557+5039454,08145557+5039454
2MASXJ08363825+5055469,08363825+5055469
2MASXJ09103209+5026000,09103209+5026000
2MASXJ11025276+5049095,11025276+5049095
2MASXJ12285408+5022583,12285408+5022583
2MASXJ13075095+5015230,13075095+5015230
2MASXJ19195578+5018292,19195578+5018292
2MASXJ19210204+5048106,19210204+5048106
2MASXJ19340002+5001002,19340002+5001002
2MASXJ19430729+5026463,19430729+5026463
2MASXJ19485956+5018471,19485956+5018471
2MASXJ12552688+6400536,12552688+6400536
2MASXJ13023999+6344490,13023999+6344490
2MASXJ13100598+6305208,13100598+6305208
2MASXJ12405334+6222032,12405334+6222032
2MASXJ12531396+6238198,12531396+6238198
2MASXJ13061566+6200268,13061566+6200268
2MASXJ13073691+6212576,13073691+6212576
2MASXJ13084652+6216177,13084652+6216177
2MASXJ13114886+6239048,13114886+6239048
2MASXJ13135442+6236392,13135442+6236392
2MASXJ13150766+6231169,13150766+6231169
2MASXJ13032994+6129578,13032994+6129578
2MASXJ13063344+6127197,13063344+6127197
2MASXJ13080473+6134592,13080473+6134592
2MASXJ13131405+6102547,13131405+6102547
2MASXJ12522773+6004009,12522773+6004009
2MASXJ12592787+6055258,12592787+6055258
2MASXJ13041249+6059143,13041249+6059143
2MASXJ13134902+6041051,13134902+6041051
2MASXJ13133432+7603367,13133432+7603367
2MASXJ13021987+7524148,13021987+7524148
2MASXJ12453822+7428535,12453822+7428535
2MASXJ13020474+7449057,13020474+7449057
2MASXJ12500572+7315592,12500572+7315592
